account_code,hoa,account_code_description,receipt_or_payment,positive_or_negative,part
8671004100,867100102010000,Receipts pending for classification_Cleared,Payment Side,Positive,Part III
8016012300,801606108010200,Actuarial Software - Infrastructure and Maintenance,Payment Side,Positive,Part III
8016012400,801606108010200,Actuarial Software -Software Solution,Payment Side,Positive,Part III
8016012500,801606108010200,Actuarial Software - Other Charges,Payment Side,Positive,Part III
3201095112,320106101030112,Dispensaries-Foreign Travel Expenses,Payment Side,Positive,Part I
3201002702,320101001020102,BD Directorate-Wages,Payment Side,Positive,Part I
3201016408,320101101040108,RMS Divisions-LTC,Payment Side,Positive,Part I
3201098304,320107104020004,DCRG for erst.while combined P&T Dept-Pensionary Charges,Payment Side,Positive,Part I
3201098463,320107104030063,IA Transfer -DCRG-from DOT-Govt. Adjustments,Payment Side,Positive,Part I
3201098504,320107107010004,Family Pension-Pensionary Charges,Payment Side,Positive,Part I
3201098604,320107107020004,Family Pension-for erst.twhile P&T Dept-Pensionary Charges,Payment Side,Positive,Part I
3201098763,320107107030063,IA Transfer -Family Pension from DOT-Govt. Adjustments,Payment Side,Positive,Part I
3201098804,320107108010004,Leave Encashment Benefits-Pensionary Charges,Payment Side,Positive,Part I
3201098904,320107108020004,Leave Encashment -for erst. P&T Dept-Pensionary Charges,Payment Side,Positive,Part I
3201041113,320102101100113,Gramin Dak Sevaks-Office Expenses,Payment Side,Positive,Part I
3201099063,320107108030063,IA Transfer -Leave Encashment from DOT-Govt. Adjustments,Payment Side,Positive,Part I
3201099204,320107110020004,Govt contribution for NPS of Audit employees,Payment Side,Positive,Part I
3201099404,320107200010104,Workmens Compensation Act (Postal)-Pensionary Charges,Payment Side,Positive,Part I
3201099663,320107200020063,IA Transfer -other pension from DOT-Govt. Adjustments,Payment Side,Positive,Part I
3201099770,320107911010070,Pension-Deduct-Recoveries of Overpayments of Previous FYs,Receipt Side,Negative,Part I
3201099828,320108101030128,Governement Security Press-Professional Services,Payment Side,Positive,Part I
3201099928,320108101030228,Private Security Press-Professional Services,Payment Side,Positive,Part I
3201100028,320108101040128,Post cards/envelope Govt. Security Press-PPSS,Payment Side,Positive,Part I
3201100128,320108101050128,IPOs-Govt. Security Press-Professional Services,Payment Side,Positive,Part I
3201100264,320108101090064,Printing Post cards/envelops Write off of losses,Payment Side,Positive,Part I
3201061507,320103101020107,SB(ICO)-Allowances,Payment Side,Positive,Part I
3201061608,320103101020108,SB(ICO)-LTC,Payment Side,Positive,Part I
3201061711,320103101020111,SB(ICO)-Domestic Travel Expenses,Payment Side,Positive,Part I
3201061813,320103101020113,SB(ICO)-Office Expenses,Payment Side,Positive,Part I
3201082028,320103101131328,NFS Penalty Expense,Payment Side,Positive,Part I
3201061914,320103101020114,"SB(ICO)-Rent,Rates & Taxes for Land and Buildings",Payment Side,Positive,Part I
3201062016,320103101020116,SB(ICO)-Printing and Publication,Payment Side,Positive,Part I
3201062118,320103101020118,SB(ICO)-Rent for Others,Payment Side,Positive,Part I
3201062219,320103101020119,SB(ICO)-Digital Equipment,Payment Side,Positive,Part I
3201062321,320103101020121,SB(ICO)-Materials and Supplies,Payment Side,Positive,Part I
3201062424,320103101020124,SB(ICO)-Fuels and Lubricants,Payment Side,Positive,Part I
3201062526,320103101020126,SB(ICO)-Advertising and Publicity,Payment Side,Positive,Part I
3201062627,320103101020127,SB(ICO)-Minor Civil and Electrical Works,Payment Side,Positive,Part I
3201062728,320103101020128,SB(ICO)-Professional Services,Payment Side,Positive,Part I
3201062829,320103101020129,SB(ICO)-Repair and Maintenance,Payment Side,Positive,Part I
3201062964,320103101020164,SB(ICO)-Write off of losses,Payment Side,Positive,Part I
3201063001,320103101030101,Small Savings Work-Salaries,Payment Side,Positive,Part I
3201063102,320103101030102,Small Savings Work-Wages,Payment Side,Positive,Part I
3201063205,320103101030105,Small Savings Work-Rewards,Payment Side,Positive,Part I
3201063306,320103101030106,Small Savings Work-Medical Treatment,Payment Side,Positive,Part I
3201063407,320103101030107,Small Savings Work-Allowances,Payment Side,Positive,Part I
3201063508,320103101030108,Small Savings Work-LTC,Payment Side,Positive,Part I
3201063611,320103101030111,Small Savings Work-Domestic Travel Expenses,Payment Side,Positive,Part I
3201063712,320103101030112,Small Savings Work-Foreign Travel Expenses,Payment Side,Positive,Part I
3201063813,320103101030113,Small Savings Work-Office Expenses,Payment Side,Positive,Part I
3201063914,320103101030114,"Small Savings Work-Rent,Rates & Taxes for Land and Buildings",Payment Side,Positive,Part I
3201064016,320103101030116,Small Savings Work-Printing and Publication,Payment Side,Positive,Part I
3201064118,320103101030118,Small Savings Work-Rent for Others,Payment Side,Positive,Part I
3201064219,320103101030119,Small Savings Work-Digital Equipment,Payment Side,Positive,Part I
3201064321,320103101030121,Small Savings Work-Materials and Supplies,Payment Side,Positive,Part I
3201064424,320103101030124,Small Savings Work-Fuels and Lubricants,Payment Side,Positive,Part I
3201064526,320103101030126,Small Savings Work-Advertising and Publicity,Payment Side,Positive,Part I
3201064627,320103101030127,Small Savings Work-Minor Civil and Electrical Works,Payment Side,Positive,Part I
3201064728,320103101030128,Small Savings Work-Professional Services,Payment Side,Positive,Part I
3201064829,320103101030129,Small Savings Work-Repair and Maintenance,Payment Side,Positive,Part I
3201064939,320103101030139,Small Savings Work-Bank and Agency Charges,Payment Side,Positive,Part I
3201065049,320103101030149,Small Savings Work-Other Revenue Expenditure,Payment Side,Positive,Part I
3201065164,320103101030164,Small Savings Work-Write off of losses,Payment Side,Positive,Part I
3201065201,320103101040101,SB Pairing Work-Salaries,Payment Side,Positive,Part I
3201065302,320103101040102,SB Pairing Work-Wages,Payment Side,Positive,Part I
3201065405,320103101040105,SB Pairing Work-Rewards,Payment Side,Positive,Part I
3201065506,320103101040106,SB Pairing Work-Medical Treatment,Payment Side,Positive,Part I
3201065607,320103101040107,SB Pairing Work-Allowances,Payment Side,Positive,Part I
3201065708,320103101040108,SB Pairing Work-LTC,Payment Side,Positive,Part I
3201065811,320103101040111,SB Pairing Work-Domestic Travel Expenses,Payment Side,Positive,Part I
3201084508,320104102010108,Directorate (PA Wing)-LTC,Payment Side,Positive,Part I
3201084609,320104102010109,Directorate (PA Wing)-Training Expenses,Payment Side,Positive,Part I
3201053101,320102103070101,Logistic Post-Salaries,Payment Side,Positive,Part I
3201095011,320106101030111,Dispensaries-Domestic Travel Expenses,Payment Side,Positive,Part I
3201084711,320104102010111,Directorate (PA Wing)-Domestic Travel Expenses,Payment Side,Positive,Part I
3201084812,320104102010112,Directorate (PA Wing)-Foreign Travel Expenses,Payment Side,Positive,Part I
3201084913,320104102010113,Directorate (PA Wing)-Office Expenses,Payment Side,Positive,Part I
3201085014,320104102010114,Directorate (PA Wing)-RRT for Land and Buildings,Payment Side,Positive,Part I
3201085116,320104102010116,Directorate (PA Wing)-Printing and Publication,Payment Side,Positive,Part I
3201085218,320104102010118,Directorate (PA Wing)-Rent for Others,Payment Side,Positive,Part I
3201085319,320104102010119,Directorate (PA Wing)-Digital Equipment,Payment Side,Positive,Part I
3201085421,320104102010121,Directorate (PA Wing)-Materials and Supplies,Payment Side,Positive,Part I
3201085524,320104102010124,Directorate (PA Wing)-Fuels and Lubricants,Payment Side,Positive,Part I
3201085626,320104102010126,Directorate (PA Wing)-Advertising and Publicity,Payment Side,Positive,Part I
3201085727,320104102010127,Directorate (PA Wing)-Minor Civil and Electrical Works,Payment Side,Positive,Part I
3201085828,320104102010128,Directorate (PA Wing)-Professional Services,Payment Side,Positive,Part I
3201085929,320104102010129,Directorate(PA Wing)-Repair & Maintenance,Payment Side,Positive,Part I
3201086039,320104102010139,Directorate (PA Wing)-Bank and Agency Charges,Payment Side,Positive,Part I
3201086140,320104102010140,Directorate (PA Wing)-Awards and Prizes,Payment Side,Positive,Part I
3201086249,320104102010149,Directorate (PA Wing)-Other Revenue Expenditure,Payment Side,Positive,Part I
3201086364,320104102010164,Directorate (PA Wing)-Write off of losses,Payment Side,Positive,Part I
3201088021,320104102020121,Circle Postal Account office-Materials and Supplies,Payment Side,Positive,Part I
3201088124,320104102020124,Circle Postal Account office-Fuels and Lubricants,Payment Side,Positive,Part I
3201088226,320104102020126,Circle Postal Account office-Advertising and Publicity,Payment Side,Positive,Part I
3201088327,320104102020127,Circle Postal Account office-Minor C & E Works,Payment Side,Positive,Part I
3201088428,320104102020128,Circle Postal Account office-Professional Services,Payment Side,Positive,Part I
3201088529,320104102020129,Circle Postal Account office-Repair & Maintenance,Payment Side,Positive,Part I
3201088639,320104102020139,Circle Postal Account office-Bank and Agency Services,Payment Side,Positive,Part I
3201088740,320104102020140,Circle Postal Account office-Awards and Prizes,Payment Side,Positive,Part I
3201088849,320104102020149,Circle Postal Account office-Other Revenue Expenditure,Payment Side,Positive,Part I
3201088964,320104102020164,Circle Postal Account office-Write off of losses,Payment Side,Positive,Part I
3201089070,320104102040170,APS Accounts-Deduct Recoveries,Receipt Side,Negative,Part I
3201089170,320104102040270,Other Government Department-Deduct Recoveries,Receipt Side,Negative,Part I
3201089270,320104911010070,Accounts and Audit-Recoveries of Overpaymentof Previous FYs,Receipt Side,Negative,Part I
3201089316,320105053010116,Maintenance of Post Office Buildings-P & P,Payment Side,Positive,Part I
3201089418,320105053010118,Maintenance of Post Office Buildings-Rent for Others,Payment Side,Positive,Part I
3201089519,320105053010119,Maintenance of Post Office Buildings-Digital Equipment,Payment Side,Positive,Part I
3201089627,320105053010127,Maintenance of Post Office Buildings-Minor C & E Works,Payment Side,Positive,Part I
3201089729,320105053010129,Maintenance of Post Office Buildings-Repair and Maintenance,Payment Side,Positive,Part I
3201089827,320105053010227,Administrative Offices-Minor Civil and Electrical Works,Payment Side,Positive,Part I
3201089929,320105053010229,Administrative Offices-Repair & Maintenance,Payment Side,Positive,Part I
3201090027,320105053010327,Staff Quarters-Minor Civil and Electrical Works,Payment Side,Positive,Part I
3201090129,320105053010329,Staff Quarters-Repairs and Maintenance,Payment Side,Positive,Part I
3201090227,320105053010427,PAOs-Building Maintenance-Minor Civil and Electrical Works,Payment Side,Positive,Part I
3201090327,320105053010527,Preservation of Heritage Building(Scheme)-Minor C & E Works,Payment Side,Positive,Part I
3201090427,320105053010627,Renovation of Admin Office(Scheme)-Minor C & E Works,Payment Side,Positive,Part I
3201090527,320105053010727,Renovation of Postal colonies (Scheme)-Minor C & E Works,Payment Side,Positive,Part I
3201090729,320105053020129,Mail Motor Vehicles & Launches-Repair and Maintenance,Payment Side,Positive,Part I
3201090827,320105053020227,Other Motor Vehicles & Launches-Engg-Minor C & E Works,Payment Side,Positive,Part I
3201090927,320105053020327,Internal Plant-Engineering-Minor Civil and Electrical Works,Payment Side,Positive,Part I
3201091029,320105053020329,Internal Plant-Engineering-Repair and Maintenance,Payment Side,Positive,Part I
3201091101,320105053030101,Building Establishment-Salaries,Payment Side,Positive,Part I
3201091202,320105053030102,Building Establishment-Wages,Payment Side,Positive,Part I
3201091305,320105053030105,Building Establishment-Rewards,Payment Side,Positive,Part I
3201091406,320105053030106,Building Establishment-Medical Treatment,Payment Side,Positive,Part I
3201091507,320105053030107,Building Establishment-Allowances,Payment Side,Positive,Part I
3201091608,320105053030108,Building Establishment-LTC,Payment Side,Positive,Part I
3201091711,320105053030111,Building Establishment-Domestic Travel Expenses,Payment Side,Positive,Part I
3201091812,320105053030112,Building Establishment-Foreign Travel Expenses,Payment Side,Positive,Part I
3201091913,320105053030113,Building Establishment-Office Expenses,Payment Side,Positive,Part I
3201092014,320105053030114,Building Establishment-RRT,Payment Side,Positive,Part I
3201092116,320105053030116,Building Establishment-Printing and Publication,Payment Side,Positive,Part I
3201092218,320105053030118,Building Establishment-Rent for Others,Payment Side,Positive,Part I
3201092319,320105053030119,Building Establishment-Digital Equipment,Payment Side,Positive,Part I
3201092421,320105053030121,Building Establishment-Materials and Supplies,Payment Side,Positive,Part I
3201092524,320105053030124,Building Establishment-Fuels and Lubricants,Payment Side,Positive,Part I
3201092626,320105053030126,Building Establishment-Advertising and Publicity,Payment Side,Positive,Part I
3201092727,320105053030127,Building Establishment-Minor Civil and Electrical Works,Payment Side,Positive,Part I
3201092828,320105053030128,Building Establishment-Professional Services,Payment Side,Positive,Part I
3201092939,320105053030139,Building Establishment-Bank and Agency Services,Payment Side,Positive,Part I
3201093040,320105053030140,Building Establishment-Awards and Prizes,Payment Side,Positive,Part I
3201093149,320105053030149,Building Establishment-Other Revenue Expenditure,Payment Side,Positive,Part I
3201093264,320105053030164,Building Establishment-Write off of losses,Payment Side,Positive,Part I
3201093363,320105053050063,IA Transfer recurring expenditure on P&T Colonies-Govt. Adj,Payment Side,Positive,Part I
3201093463,320105053060063,IA Transfer to BSNL rent Joint Buildings-Govt. Adj,Payment Side,Positive,Part I
3201093527,320105101010127,Post Offices-Petty works engineering-Minor C & E Works,Payment Side,Positive,Part I
3201093627,320105101010227,Administrative offices-Petty works Eng.-Minor C & E Works,Payment Side,Positive,Part I
3201093727,320105101010327,Staff Quarters-Petty works engineering-Minor C & E Works,Payment Side,Positive,Part I
3201093827,320105101020127,MMV & Launches-Petty work engineering-Minor C & E Works,Payment Side,Positive,Part I
3201093927,320105101020227,Other MV& Launches-Petty work engineering-Minor C & E Works,Payment Side,Positive,Part I
3201094027,320105101020327,Internal Plants-Petty works engineering-Minor C & E Works,Payment Side,Positive,Part I
3201094170,320105911010070,Engineering-Recoveries of Overpayments of Previous FYs,Receipt Side,Negative,Part I
3201094231,320106101010031,Postal Welfare Fund-Grants in Aid General,Payment Side,Positive,Part I
3201094309,320106101020009,Departmental Canteen-Training Expenses,Payment Side,Positive,Part I
3201094449,320106101020049,Departmental Canteen-Other Revenue Expenditure,Payment Side,Positive,Part I
3201095213,320106101030113,Dispensaries-Office Expenses,Payment Side,Positive,Part I
3201095314,320106101030114,Dispensaries-RRT,Payment Side,Positive,Part I
3201095419,320106101030119,Dispensaries-Digital Equipment,Payment Side,Positive,Part I
3201095521,320106101030121,Dispensaries-Materials and Supplies,Payment Side,Positive,Part I
3201095624,320106101030124,Dispensaries-Fuels and Lubricants,Payment Side,Positive,Part I
3201095726,320106101030126,Dispensaries-Advertising and Publcity,Payment Side,Positive,Part I
3201095827,320106101030127,Dispensaries-Minor Civil and Electrical Works,Payment Side,Positive,Part I
3201095928,320106101030128,Dispensaries-Professional Services,Payment Side,Positive,Part I
3201096039,320106101030139,Dispensaries-Bank and Agency Services,Payment Side,Positive,Part I
3201096140,320106101030140,Dispensaries-Awards and Prizes,Payment Side,Positive,Part I
3201096249,320106101030149,Dispensaries-Other Revenue Expenditure,Payment Side,Positive,Part I
3201096364,320106101030164,Dispensaries-Write off of losses,Payment Side,Positive,Part I
3201096431,320106101040131,Grant to recreation clubs etc.-Grants in Aid General,Payment Side,Positive,Part I
3201096531,320106101040231,Holiday Homes-Grants in Aid General,Payment Side,Positive,Part I
3201096628,320106101050028,Payment under CGHS Schemes-Professional Services,Payment Side,Positive,Part I
3201096763,320106101060063,IA Transfer -to BSNL forDispensaries-Govt. Adjustments,Payment Side,Positive,Part I
3201096870,320106911010070,Amenities to Staff-Recoveries of Overpayment of Previous FYs,Receipt Side,Negative,Part I
3201096904,320107101010004,Superannuation & Retirement Allowance-Pensionary Charges,Payment Side,Positive,Part I
3201097004,320107101020004,Superannuation & Retd.on Court Judgemt-Pensionary Charges,Payment Side,Positive,Part I
3201097104,320107101030004,Superannuation & Retirement Allow. P & T-Pensionary Charges,Payment Side,Positive,Part I
3201097263,320107101040063,IA Transfer -supern pen-from DOT-Govt. Adjustments,Payment Side,Positive,Part I
3201097304,320107102010004,Commuted Value of Pension-Pensionary Charges,Payment Side,Positive,Part I
3201097404,320107102020004,CVP-for erst.while combined P&T Deparment-Pensionary Charges,Payment Side,Positive,Part I
3201100321,320108102010121,Stationery office Kol.- other than SBCC-Mat. and Supplies,Payment Side,Positive,Part I
3201100421,320108102010221,Paper from mills on DGS&D -Materials and Supplies,Payment Side,Positive,Part I
3201100521,320108102010321,Local purchase-paper printing -Materials and Supplies,Payment Side,Positive,Part I
3201100624,320108102010424,Printing of Forms other than SB & SC-Fuels and Lubricants,Payment Side,Positive,Part I
3201100749,320108102010449,Printing of Forms other than SB & SC-ORE,Payment Side,Positive,Part I
3201100824,320108102010524,Printing Forms at Private other than SB & SC-Fuels & L,Payment Side,Positive,Part I
3201100949,320108102010549,Printing of Forms at Private Presses-ORE,Payment Side,Positive,Part I
3201101024,320108102010624,Freight on Forms-Fuels and Lubricants,Payment Side,Positive,Part I
3201101139,320108102010639,Freight on Forms-Bank and Agency Charges,Payment Side,Positive,Part I
3201101240,320108102010640,Freight on Forms-Awards and Prizes,Payment Side,Positive,Part I
3201101349,320108102010649,Freight on Forms-Other Revenue Expenditure,Payment Side,Positive,Part I
3201101421,320108102020121,"Stationery office, Calcutta-SBCC-Materials and Supplies",Payment Side,Positive,Part I
3201101521,320108102020221,Paper from mills on DGS&D rate -SBCC-Materials and Supplies,Payment Side,Positive,Part I
3201101621,320108102020321,Local Pur.- paper printing of forms SBCC-Mat. and Supplies,Payment Side,Positive,Part I
3201101724,320108102020424,Printing of Forms at Government Presses-Fuels and Lubricants,Payment Side,Positive,Part I
3201101849,320108102020449,Printing of Forms at Govt. Presses-ORE,Payment Side,Positive,Part I
3201101924,320108102020524,Printing of Forms at Private Presses-Fuels and Lubricants,Payment Side,Positive,Part I
3201102001,320108102030101,Storage & Distribution of forms-Salaries,Payment Side,Positive,Part I
3201102102,320108102030102,Storage & Distribution of forms-Wages,Payment Side,Positive,Part I
3201102205,320108102030105,Storage & Distribution of forms-Rewards,Payment Side,Positive,Part I
3201102306,320108102030106,Storage & Distribution of forms-Medical Treatment,Payment Side,Positive,Part I
3201102407,320108102030107,Storage & Distribution of forms-Allowances,Payment Side,Positive,Part I
3201102508,320108102030108,Storage & Distribution of forms-LTC,Payment Side,Positive,Part I
3201102611,320108102030111,Storage & Distribution of forms-Domestic Travel Expenses,Payment Side,Positive,Part I
3201102713,320108102030113,Storage & Distribution of forms-Office Expenses,Payment Side,Positive,Part I
3201102814,320108102030114,Storage & Distribution of forms-RRT,Payment Side,Positive,Part I
3201102916,320108102030116,Storage & Distribution of forms-Printing and Publications,Payment Side,Positive,Part I
3201103018,320108102030118,Storage & Distribution of forms-Rent for Others,Payment Side,Positive,Part I
3201103121,320108102030121,Storage & Distribution of forms-Materials and Supplies,Payment Side,Positive,Part I
3201103224,320108102030124,Storage & Distribution of forms-Fuels and Lubricants,Payment Side,Positive,Part I
3201103326,320108102030126,Storage & Distribution of forms-Advertising and Publicity,Payment Side,Positive,Part I
3201103427,320108102030127,Storage & Distribution of forms-Minor C & E Works,Payment Side,Positive,Part I
3201103528,320108102030128,Storage & Distribution of forms-Professional Services,Payment Side,Positive,Part I
3201103639,320108102030139,Storage & Distribution of forms-Bank and Agency Charges,Payment Side,Positive,Part I
3201103740,320108102030140,Storage & Distribution of forms-Awards and Prizes,Payment Side,Positive,Part I
3201103849,320108102030149,Storage & Distribution of forms-Other Revenue Expenditure,Payment Side,Positive,Part I
3201103964,320108102030164,Storage & Distribution of forms-Write off of losses,Payment Side,Positive,Part I
3201104102,320108102040102,Departmental Printing Press-Wages,Payment Side,Positive,Part I
3201104205,320108102040105,Departmental Printing Press-Rewards,Payment Side,Positive,Part I
3201104306,320108102040106,Departmental Printing Press-Medical Treatment,Payment Side,Positive,Part I
3201104407,320108102040107,Departmental Printing Press-Allowances,Payment Side,Positive,Part I
3201104508,320108102040108,Departmental Printing Press-LTC,Payment Side,Positive,Part I
3201104611,320108102040111,Departmental Printing Press-Domestic Travel Expenses,Payment Side,Positive,Part I
3201104713,320108102040113,Departmental Printing Press-Office Expenses,Payment Side,Positive,Part I
3201104814,320108102040114,Departmental Printing Press-RRT,Payment Side,Positive,Part I
3201104916,320108102040116,Departmental Printing Press-Printing and Publication,Payment Side,Positive,Part I
3201105018,320108102040118,Departmental Printing Press-Rent for Others,Payment Side,Positive,Part I
3201105119,320108102040119,Departmental Printing Press-Digital Equipment,Payment Side,Positive,Part I
3201105221,320108102040121,Departmental Printing Press-Materials and Supplies,Payment Side,Positive,Part I
3201105324,320108102040124,Departmental Printing Press-Fuels and Lubricants,Payment Side,Positive,Part I
3201105426,320108102040126,Departmental Printing Press-Advertising and Publicity,Payment Side,Positive,Part I
3201105527,320108102040127,Departmental Printing Press-Minor Civil and Electrical Works,Payment Side,Positive,Part I
3201105628,320108102040128,Departmental Printing Press-Professional Services,Payment Side,Positive,Part I
3201105749,320108102040149,Departmental Printing Press-Other Revenue Expenditure,Payment Side,Positive,Part I
3201105864,320108102040164,Departmental Printing Press-Write off of losses,Payment Side,Positive,Part I
3201105921,320108102040221,Paper-mills on DGS&D-Dept. Printing press-Mat. and Supplies,Payment Side,Positive,Part I
3201106021,320108102040321,Local Purchase of paper-Materials and Supplies,Payment Side,Positive,Part I
3201106170,320108911010070,Stationery & Print-Recovery of Over payment of Previous FYs,Receipt Side,Negative,Part I
3201106224,320160102010024,Deposit Linked Insurance Scheme-Fuels and Lubricants,Payment Side,Positive,Part I
3201106349,320160102010049,Deposit Linked Insurance Scheme-Other Revenue Expenditure,Payment Side,Positive,Part I
3201106549,320160102020049,Interest on EDAGIS-Other Revenue Expenditure,Payment Side,Positive,Part I
3201106624,320160102030124,Subscription towards SDBS-Fuels andLubricants,Payment Side,Positive,Part I
3201106749,320160102030149,Subscription towards SDBS-Other Revenue Expenditure,Payment Side,Positive,Part I
3201106824,320160102030224,Management Expenses under SDBS-Fuels and Lubricants,Payment Side,Positive,Part I
3201106939,320160102030239,Management Expenses under SDBS-Bank and Agency Charges,Payment Side,Positive,Part I
3201107040,320160102030240,Management Expenses under SDBS-Awards and Prizes,Payment Side,Positive,Part I
3201107149,320160102030249,Management Expenses under SDBS-Other Revenue Expenditure,Payment Side,Positive,Part I
3201107232,320160798010032,Universal Postal Union-Contribution,Payment Side,Positive,Part I
3201107370,320102101142870,Input Tax Credit Adjustments,Receipt Side,Negative,Part I
3201107428,320108101020128,Cost of printing postge stamps Govt Secur Press,Payment Side,Positive,Part I
3201107501,320101001010101,Rcy of Postal Directorate-Salaries Paid in the Current FY,Receipt Side,Negative,Part I
3201107601,320101001020101,Recovery of BD Directorate-Salaries Paid in the Current FY,Receipt Side,Negative,Part I
3201107701,320101001050101,Recovery of SAPUS-Salaries Paid in the Current FY,Receipt Side,Negative,Part I
3201107801,320101001060101,Recovery of Parcel Dte-Salaries Paid in the Current FY,Receipt Side,Negative,Part I
3201107901,320101101010101,Recovery of Circle Office-Salaries Paid in the Current FY,Receipt Side,Negative,Part I
3201108001,320101101020101,Recovery of BD Branch-Salaries Paid in the Current FY,Receipt Side,Negative,Part I
3201108101,320101101030101,Recovery of Postal Division-Salaires Paid in the Current FY,Receipt Side,Negative,Part I
3201108201,320101101040101,Recovery of RMS Divisions-Salaries Paid in the Current FY,Receipt Side,Negative,Part I
3201108301,320101101050101,Recovery of Foreign PD-Salaries Paid in the Current FY,Receipt Side,Negative,Part I
3201108401,320101101060101,Recovery of PSD-Salaries Paid in the Current FY,Receipt Side,Negative,Part I
3201108501,320102003010101,Recovery of Oper. Trg-Salaries Paid in the Current FY,Receipt Side,Negative,Part I
3201108601,320102101010101,Recovery of Post Offices-Salaries Paid in the Current FY,Receipt Side,Negative,Part I
3201108701,320102101020101,Recy of Opening of Pos-Salaries Paid in the Current FY,Receipt Side,Negative,Part I
3201108801,320102101030101,Recovery of PSO Aligarh-Salaries Paid in the Current FY,Receipt Side,Negative,Part I
3201108901,320102101040101,Recovery of Pre. Prod. Sers-Salaries Paid in the Current FY,Receipt Side,Negative,Part I
3201109001,320102101050101,Recy of PO/Apnmt of GDS in Rural-Salaries Paid in Current FY,Receipt Side,Negative,Part I
3201109101,320102101060101,Recy of PO/Apnmt of GDS in Tribl-Salaries Paid in Current FY,Receipt Side,Negative,Part I
3201109201,320102101090101,Recovery of Mass Mailing Service-Salaries Paid in Current FY,Receipt Side,Negative,Part I
3201109301,320102101100101,Recovery of Gramin Dak Sevak-Salaries Paid in Current FY,Receipt Side,Negative,Part I
3201109401,320102102010101,Recovery of Mail Sorting-Salaries Paid in the Current FY,Receipt Side,Negative,Part I
3201109501,320102102020101,Recovery of GDS Mailman-Salaries Paid in the Current FY,Receipt Side,Negative,Part I
3201109601,320102103040101,Recovery of DMMS fr Ord. Ser-Salaries Paid in Current FY,Receipt Side,Negative,Part I
3201109701,320102103050101,Recy of DMMS for Prem. Ser-Salaries Paid in Current FY,Receipt Side,Negative,Part I
3201109801,320102103060101,Recy of Other Convey. of Mails-Salaries Paid in Current FY,Receipt Side,Negative,Part I
3201109901,320102103070101,Recovery of Logistic Post-Salaries Paid in the Current FY,Receipt Side,Negative,Part I
3201110001,320102104010101,Recovery of Estt. of R & D-Salaries Paid in Current FY,Receipt Side,Negative,Part I
3201110101,320102104020101,Recovery of Regional Workshops-Salaries Paid in Current FY,Receipt Side,Negative,Part I
3201110201,320103101010101,Recovery of SBCO-Salaries Paid in the Current FY,Receipt Side,Negative,Part I
3201110301,320103101020101,Recovery of SB(ICO)-Salaries Paid in the Current FY,Receipt Side,Negative,Part I
3201110401,320103101030101,Recovery of Small Savings Work-Salaries Paid in Current FY,Receipt Side,Negative,Part I
3201110501,320103101040101,Recovery of SB Pairing Work-Salaries Paid in the Current FY,Receipt Side,Negative,Part I
3201110601,320103101050101,Recy of Ref. Course for SB/SC-Salaries Paid in Current FY,Receipt Side,Negative,Part I
3201110701,320103101070101,Recovery of PLI Directorate-Salaries Paid in the Current FY,Receipt Side,Negative,Part I
3201110801,320103101080101,Recovery of PLI Branch CO-Salaries Paid in Current FY,Receipt Side,Negative,Part I
3201110901,320103101090101,Recovery of Rural PLI-Salaries Paid in the Current FY,Receipt Side,Negative,Part I
3201111001,320103101100101,Recovery of Director PLI Kol.-Salaries Paid in Current FY,Receipt Side,Negative,Part I
3201111101,320103101110101,Recovery of PLI Investment Board-Salaries Paid in Current FY,Receipt Side,Negative,Part I
3201111201,320103101150101,Recovery of MGNREG ACT Workers-Salaries Paid in Current FY,Receipt Side,Negative,Part I
3201111301,320104101010001,Recy of Pay & Allow. of Audit-Salaries Paid in Current FY,Receipt Side,Negative,Part I
3201111401,320104102010101,Recovery of Dte(PA Wing)-Salaries Paid in Current FY,Receipt Side,Negative,Part I
3201111501,320104102020101,Recovery of Circle PAO-Salaries Paid in Current FY,Receipt Side,Negative,Part I
3201111601,320105053030101,Recovery of Building Estt.-Salaries Paid in Current FY,Receipt Side,Negative,Part I
3201111701,320107104010401,Recovery of Payment of Severance amount for GDS,Receipt Side,Negative,Part I
3201111801,320108102030101,Recovery of S&D of forms-Salaries Paid in Current FY,Receipt Side,Negative,Part I
3201111901,320108102040101,Recovery of Dept. Printing Press-Salaries Paid in Current FY,Receipt Side,Negative,Part I
3201112005,320101001010105,Recovery of Postal Directorate-Rewards Paid in Current FY,Receipt Side,Negative,Part I
3201112105,320101001020105,Recovery of BD Directorate-Rewards Paid in the Current FY,Receipt Side,Negative,Part I
3201112205,320101001050105,Recy of South Asia Postal Union -Rewards Paid in Current FY,Receipt Side,Negative,Part I
3201112305,320101001060105,Recovery of Parcel Directorate-Rewards Paid in Current FY,Receipt Side,Negative,Part I
3201112405,320101101010105,Recovery of Circle Office-Rewards Paid in the Current FY,Receipt Side,Negative,Part I
3201112505,320101101020105,Recovery of BD Branch-Rewards Paid in the Current FY,Receipt Side,Negative,Part I
3201112605,320101101030105,Recovery of Postal Division-Rewards Paid in the Current FY,Receipt Side,Negative,Part I
3201112705,320101101040105,Recovery of RMS Divisions-Rewards Paid in the Current FY,Receipt Side,Negative,Part I
3201112805,320101101050105,Recovery of Foreign Post Division-Rewards Paid in Current FY,Receipt Side,Negative,Part I
3201112905,320101101060105,Recovery of PSD-Rewards Paid in the Current FY,Receipt Side,Negative,Part I
3201113005,320102003010105,Recovery of Operational Training-Rewards Paid in Current FY,Receipt Side,Negative,Part I
3201113105,320102101010105,Recovery of Existing Post Offices-Rewards Paid in Current FY,Receipt Side,Negative,Part I
3201113205,320102101020105,Recovery of Opening of POs-Rewards Paid in Current FY,Receipt Side,Negative,Part I
3201113305,320102101030105,Recovery of PSO Aligarh-Rewards Paid in Current FY,Receipt Side,Negative,Part I
3201113405,320102101040105,Recovery of Premium Product Serv.-Rewards Paid in Current FY,Receipt Side,Negative,Part I
3201113505,320102101050105,Recy of Opening of POs in Rural -Rewards Paid in Current FY,Receipt Side,Negative,Part I
3201113605,320102101060105,Recy of Opening of POs in Tribal-Rewards Paid in Current FY,Receipt Side,Negative,Part I
3201113705,320102101090105,Recovery of Mass Mailing Services-Rewards Paid in Current FY,Receipt Side,Negative,Part I
3201113805,320102101100105,Recovery of Gramin Dak Sevaks-Rewards Paid in the Current FY,Receipt Side,Negative,Part I
3201113905,320102102010105,Recovery of Mail Sorting-Rewards Paid in the Current FY,Receipt Side,Negative,Part I
3201114005,320102102020105,Recovery of GDS Mailman-Rewards Paid in the Current FY,Receipt Side,Negative,Part I
3201114105,320102103040105,Recy of DMMS for Ord.Services-Rewards Paid in Current FY,Receipt Side,Negative,Part I
3201114205,320102103050105,Recy of DMMS for Premium Services-Rewards Paid in Current FY,Receipt Side,Negative,Part I
3201114305,320102103060105,Recy of Other Conveyance of Mails-Rewards Paid in Current FY,Receipt Side,Negative,Part I
3201114405,320102103070105,Recovery of Logistic Post-Rewards Paid in the Current FY,Receipt Side,Negative,Part I
3201114505,320102104010105,Recovery of Estt. of R & D-Rewards Paid in Current FY,Receipt Side,Negative,Part I
3201114605,320102104020105,Recovery of Regional Workshops-Rewards Paid in Current FY,Receipt Side,Negative,Part I
3201114705,320103101010105,Recovery of SBCO-Rewards Paid in the Current FY,Receipt Side,Negative,Part I
3201114805,320103101020105,Recovery of SB(ICO)-Rewards Paid in the Current FY,Receipt Side,Negative,Part I
3201114905,320103101030105,Recovery of Small Savings Work-Rewards Paid in Current FY,Receipt Side,Negative,Part I
3201115005,320103101040105,Recovery of SB Pairing Work-Rewards Paid in the Current FY,Receipt Side,Negative,Part I
3201115105,320103101050105,Recy of Refresh Course for SB/SC-Rewards Paid in Current FY,Receipt Side,Negative,Part I
3201115205,320103101070105,Recovery of PLI Directorate-Rewards Paid in the Current FY,Receipt Side,Negative,Part I
3201115305,320103101080105,Recovery of PLI Branch CO-Rewards Paid in Current FY,Receipt Side,Negative,Part I
3201115405,320103101090105,Recovery of Rural PLI-Rewards Paid in the Current FY,Receipt Side,Negative,Part I
3201115505,320103101100105,Recovery of Director PLI Calcutta-Rewards Paid in Current FY,Receipt Side,Negative,Part I
3201115605,320103101110105,Recovery of PLI Investment Board-Rewards Paid in Current FY,Receipt Side,Negative,Part I
3201115705,320104101010005,Recovery of Pay & Allow. of Audit-Rewards Paid in Current FY,Receipt Side,Negative,Part I
3201115805,320104102010105,Recovery of Directorate (PA Wing)-Rewards Paid in Current FY,Receipt Side,Negative,Part I
3201115905,320104102020105,Recovery of Circle PAO-Rewards Paid in Current FY,Receipt Side,Negative,Part I
3201116005,320105053030105,Recovery of Building Estt.-Rewards Paid in Current FY,Receipt Side,Negative,Part I
3201116105,320106101030105,Recovery of Dispensaries-Rewards Paid in the Current FY,Receipt Side,Negative,Part I
3201116205,320108102030105,Recovery of S & D of forms-Rewards Paid in Current FY,Receipt Side,Negative,Part I
3201116305,320108102040105,Recovery of Dept.Printing Press-Rewards Paid in Current FY,Receipt Side,Negative,Part I
3201116406,320101001010106,Recovery of Postal Dte-Medical Treatment in Current FY,Receipt Side,Negative,Part I
3201116506,320101001020106,Recovery of BD Directorate-Medical Treatment in Current FY,Receipt Side,Negative,Part I
3201116606,320101001060106,Recovery of Parcel Dte-Medical Treatment in Current FY,Receipt Side,Negative,Part I
3201116706,320101101010106,Recovery of Circle Office-Medical Treatment in Current FY,Receipt Side,Negative,Part I
3201116806,320101101020106,Recovery of BD Branch-Medical Treatment in Current FY,Receipt Side,Negative,Part I
3201116906,320101101030106,Recovery of Postal Division-Medical Treatment in Current FY,Receipt Side,Negative,Part I
3201117006,320101101040106,Recovery of RMS Divisions-Medical Treatment in Current FY,Receipt Side,Negative,Part I
3201117106,320101101050106,Recovery of Foreign Post Divisions-Med. Treat in Current FY,Receipt Side,Negative,Part I
3201117206,320101101060106,Recovery of PSD-Medical Treatment in Current FY,Receipt Side,Negative,Part I
3201117306,320102003010106,Recovery of Oper. Training-Medical Treatment in Current FY,Receipt Side,Negative,Part I
3201117406,320102101010106,Recovery of Post Offices-Medical Treatment in Current FY,Receipt Side,Negative,Part I
3201117506,320102101020106,Recovery of Open & Upgrad of POs-Med Tret in Current FY,Receipt Side,Negative,Part I
3201117606,320102101030106,Recovery of PSO Aligarh-Medical Treatment in Current FY,Receipt Side,Negative,Part I
3201117706,320102101040106,Recovery of Pre. Product Services-Med Trt in Current FY,Receipt Side,Negative,Part I
3201117806,320102101090106,Recovery of Mass Mailing Services-Med Trt in Current FY,Receipt Side,Negative,Part I
3201117906,320102101100106,Recovery of Gramin Dak Sevak-Medical Treatment in Current FY,Receipt Side,Negative,Part I
3201118006,320102102010106,Recovery of Mail Sorting-Medical Treatment in Current FY,Receipt Side,Negative,Part I
3201118106,320102102020106,Recovery of GDS Mailman-Medical Treatment in Current FY,Receipt Side,Negative,Part I
3201118206,320102103040106,Recovery of DMMS for Ordinary Service -Med Trt in Current FY,Receipt Side,Negative,Part I
3201118306,320102103050106,Recovery of DMMS for Premium Service-Med Trt in Current FY,Receipt Side,Negative,Part I
3201118406,320102103060106,Recovery of Other Convey of Mails-Med Trt in Current FY,Receipt Side,Negative,Part I
3201118506,320102103070106,Recovery of Logistic Post-Medical Treatment in Current FY,Receipt Side,Negative,Part I
3201118606,320102104010106,Recovery of Estt of R & D-Medical Treatment in Current FY,Receipt Side,Negative,Part I
3201118706,320102104020106,Recovery of Regional Workshops-Medical Trt in Current FY,Receipt Side,Negative,Part I
3201119006,320103101030106,Recovery of SSW-Medical Treatment in Current FY,Receipt Side,Negative,Part I
3201119106,320103101040106,Recovery of SB Pairing Work-Medical Treatment in Current FY,Receipt Side,Negative,Part I
3201119206,320103101050106,Recovery of Refresh Course for SB/SC -Med Trt in Current FY,Receipt Side,Negative,Part I
3201119306,320103101070106,Recovery of PLI Directorate-Medical Treatment in Current FY,Receipt Side,Negative,Part I
3201119406,320103101080106,Recovery of PLI Branch CO-Medical Treatment in Current FY,Receipt Side,Negative,Part I
3201119506,320103101090106,Recovery of Rural PLI-Medical Treatment in Current FY,Receipt Side,Negative,Part I
3201119606,320103101100106,Recovery of DPLI Calcutta-Medical Treatment in Current FY,Receipt Side,Negative,Part I
3201119706,320103101110106,Recovery of PLI Invest Board-Medical Trt in Current FY,Receipt Side,Negative,Part I
3201119806,320103101150106,Recovery of MGNREG ACT Workers-Medical Trt in Current FY,Receipt Side,Negative,Part I
3201119906,320104102010106,Recovery of Directorate (PA Wing)-Medical Trt in Current FY,Receipt Side,Negative,Part I
3201120006,320104102020106,Recovery of Circle Postal Account office-Medical Treatment,Receipt Side,Negative,Part I
3201120106,320105053030106,Recovery of Building Estt-Medical Treatment in Current FY,Receipt Side,Negative,Part I
3201120206,320106101030106,Recovery of Dispensaries-Medical Treatment in Current FY,Receipt Side,Negative,Part I
3201120306,320108102030106,Recovery of S & D of form-Medical Treatment in Current FY,Receipt Side,Negative,Part I
3201120406,320108102040106,Recovery of Dept. Printing Press-Medical Trt in Current FY,Receipt Side,Negative,Part I
3201120507,320101001010107,Recovery of Postal Directorate-Allowances in Current FY,Receipt Side,Negative,Part I
3201120607,320101001020107,Recovery of BD Directorate-Allowancesin Current FY,Receipt Side,Negative,Part I
3201120707,320101001050107,Recovery of South Asia Postal Union-Allowances in Current FY,Receipt Side,Negative,Part I
3201120807,320101001060107,Recovery of Parcel Directorate-Allowances in Current FY,Receipt Side,Negative,Part I
3201120907,320101101010107,Recovery of Circle Office-Allowances in Current FY,Receipt Side,Negative,Part I
3201121007,320101101020107,Recovery of BD Branch-Allowances in Current FY,Receipt Side,Negative,Part I
3201121107,320101101030107,Recovery of Postal Division-Allowances in Current FY,Receipt Side,Negative,Part I
3201121207,320101101040107,Recovery of RMS Divisions-Allowances in Current FY,Receipt Side,Negative,Part I
3201121307,320101101050107,Recovery of Foreign Post Divisions-Allowances in Current FY,Receipt Side,Negative,Part I
3201121407,320101101060107,Recovery of Postal Stores Depot-Allowances in Current FY,Receipt Side,Negative,Part I
3201121507,320102003010107,Recovery of Operational Training-Allowances in Current FY,Receipt Side,Negative,Part I
3201121607,320102101010107,Recovery of Existing Post Offices-Allowances in Current FY,Receipt Side,Negative,Part I
3201121707,320102101020107,Recovery of Opening & Upgrade of PO-Allowances in Current FY,Receipt Side,Negative,Part I
3201121807,320102101030107,Recovery of PSO Aligarh-Allowances in Current FY,Receipt Side,Negative,Part I
3201121907,320102101040107,Recovery of Premium Product Service-Allowances in Current FY,Receipt Side,Negative,Part I
3201122007,320102101050107,Rcy of Opening POs/Apn of GDS in Rural-Alwnces in Current FY,Receipt Side,Negative,Part I
3201122107,320102101060107,Rcy of Opening POs/Apn of GDS in Tribe-Alwnces in Current FY,Receipt Side,Negative,Part I
3201122207,320102101090107,Recovery of Mass Mailing Services-Allowances in Current FY,Receipt Side,Negative,Part I
3201122307,320102101100107,Recovery of Gramin Dak Sevaks-Allowances in Current FY,Receipt Side,Negative,Part I
3201122407,320102102010107,Recovery of Mail Sorting-Allowances in Current FY,Receipt Side,Negative,Part I
3201122507,320102102020107,Recovery of GDS Mailman-Allowances in Current FY,Receipt Side,Negative,Part I
3201122607,320102103040107,Recovery of DMMS for Ord. Services-Allowances in Current FY,Receipt Side,Negative,Part I
3201122707,320102103050107,Recovery of DMMS for Premium Service-Allowancesin Current FY,Receipt Side,Negative,Part I
3201122807,320102103060107,Recovery of Other Convey of Mails-Allowances in Current FY,Receipt Side,Negative,Part I
3201122907,320102103070107,Recovery of Logistic Post-Allowances in Current FY,Receipt Side,Negative,Part I
3201123007,320102104010107,Recovery of Establishment of R & D-Allowances in Current FY,Receipt Side,Negative,Part I
3201123107,320102104020107,Recovery of Regional Workshops-Allowances in Current FY,Receipt Side,Negative,Part I
3201123207,320103101010107,Recovery of SBCO-Allowances in Current FY,Receipt Side,Negative,Part I
3201123307,320103101020107,Recovery of SB(ICO)-Allowances in Current FY,Receipt Side,Negative,Part I
3201123407,320103101030107,Recovery of Small Savings Work-Allowances in Current FY,Receipt Side,Negative,Part I
3201123507,320103101040107,Recovery of SB Pairing Work-Allowances in Current FY,Receipt Side,Negative,Part I
3201123607,320103101050107,Recovery_Refresh Course for SB/SC -Allowance in Current FY,Receipt Side,Negative,Part I
3201123707,320103101070107,Recovery of PLI Directorate-Allowances in Current FY,Receipt Side,Negative,Part I
3201123807,320103101080107,Recovery of PLI Branch CO-Allowances in Current FY,Receipt Side,Negative,Part I
3201123907,320103101090107,Recovery of Rural PLI-Allowances in Current FY,Receipt Side,Negative,Part I
3201124007,320103101100107,Recovery of Director PLI Calcutta-Allowances in Current FY,Receipt Side,Negative,Part I
3201124107,320103101110107,Recovery of PLI Investment Board-Allowances in Current FY,Receipt Side,Negative,Part I
3201124207,320104101010007,Recovery of Audit Staff-Allowances in Current FY,Receipt Side,Negative,Part I
3201124307,320104102010107,Recovery of Directorate (PA Wing)-Allowances in Current FY,Receipt Side,Negative,Part I
3201124407,320104102020107,Recovery of Circle PAO-Allowances in Current FY,Receipt Side,Negative,Part I
3201124507,320105053030107,Recovery of Building Establishment-Allowances in Current FY,Receipt Side,Negative,Part I
3201124607,320106101030107,Recovery of Dispensaries-Allowances in Current FY,Receipt Side,Negative,Part I
3201124707,320108102030107,Recovery of Storage & Distribution of forms-Allowances,Receipt Side,Negative,Part I
3201124807,320108102040107,Recovery of Dept. Printing Press-Allowances in Current FY,Receipt Side,Negative,Part I
3201124908,320101001010108,Recovery of Postal Directorate-LTC in Current FY,Receipt Side,Negative,Part I
3201125008,320101001020108,Recovery of BD Directorate-LTC in Current FY,Receipt Side,Negative,Part I
3201125108,320101001050108,Recovery of South Asia Postal Union Sectt-LTC in Current FY,Receipt Side,Negative,Part I
3201125208,320101001060108,Recovery of Parcel Directorate-LTC in Current FY,Receipt Side,Negative,Part I
3201125308,320101101010108,Recovery of Circle Office-LTC in Current FY,Receipt Side,Negative,Part I
3201125408,320101101020108,Recovery of Business Development Branch-LTC in Current FY,Receipt Side,Negative,Part I
3201125508,320101101030108,Recovery of Postal Division-LTC in Current FY,Receipt Side,Negative,Part I
3201125608,320101101040108,Recovery of RMS Divisions-LTC in Current FY,Receipt Side,Negative,Part I
3201125708,320101101050108,Recovery of Foreign Post Divisions-LTC in Current FY,Receipt Side,Negative,Part I
3201125808,320101101060108,Recovery of Postal Stores Depot-LTC in Current FY,Receipt Side,Negative,Part I
3201125908,320102003010108,Recovery of Operational Training-LTC in Current FY,Receipt Side,Negative,Part I
3201126008,320102101010108,Recovery of Existing Post Offices-LTC in Current FY,Receipt Side,Negative,Part I
3201126108,320102101020108,Recovery of Opening & Upgrading of PO-LTC in Current FY,Receipt Side,Negative,Part I
3201126208,320102101030108,Recovery of Postal Seals office Aligarh-LTC in Current FY,Receipt Side,Negative,Part I
3201126308,320102101040108,Recovery of Premium Product Services-LTC in Current FY,Receipt Side,Negative,Part I
3201126408,320102101050108,Rcy of Opening POs/Apnmt of GDS in Rural-LTC in Current FY,Receipt Side,Negative,Part I
3201126508,320102101060108,Rcy of Opening POs/Apnmt of GDS in Tribal-LTC in Current FY,Receipt Side,Negative,Part I
3201126608,320102101090108,Recovery of Mass Mailing Services-LTC in Current FY,Receipt Side,Negative,Part I
3201126708,320102101100108,Recovery of Gramin Dak Sevaks-LTC in Current FY,Receipt Side,Negative,Part I
3201126808,320102102010108,Recovery of Mail Sorting-LTC in Current FY,Receipt Side,Negative,Part I
3201126908,320102102020108,Recovery of GDS Mailman-LTC in Current FY,Receipt Side,Negative,Part I
3201127008,320102103040108,Recovery of DMMS for Ordinary Services-LTC in Current FY,Receipt Side,Negative,Part I
3201127108,320102103050108,Recovery of DMMS for Premium Services-LTC in Current FY,Receipt Side,Negative,Part I
3201127208,320102103060108,Recovery of Other Conveyance of Mails-LTC in Current FY,Receipt Side,Negative,Part I
3201127308,320102103070108,Recovery of Logistic Post-LTC in Current FY,Receipt Side,Negative,Part I
3201127408,320102104010108,Recovery of Establishment of R & D-LTC in Current FY,Receipt Side,Negative,Part I
3201127508,320102104020108,Recovery of Regional Workshops-LTC in Current FY,Receipt Side,Negative,Part I
3201127608,320103101010108,Recovery of SBCO-LTCin Current FY,Receipt Side,Negative,Part I
3201127708,320103101020108,Recovery of SB(ICO)-LTC in Current FY,Receipt Side,Negative,Part I
3201127808,320103101030108,Recovery of Small Savings Work-LTCin Current FY,Receipt Side,Negative,Part I
3201127908,320103101040108,Recovery of SB Pairing Work-LTC in Current FY,Receipt Side,Negative,Part I
3201128008,320103101050108,Recovery of Refresher Course for SB/SC -LTC in Current FY,Receipt Side,Negative,Part I
3201128108,320103101070108,Recovery of PLI Directorate-LTC in Current FY,Receipt Side,Negative,Part I
3201128208,320103101080108,Recovery of PLI Branch Circle office-LTC in Current FY,Receipt Side,Negative,Part I
3201128308,320103101090108,Recovery of Rural PLI-LTC in Current FY,Receipt Side,Negative,Part I
3201128408,320103101100108,Recovery of Director PLI Calcutta-LTC in Current FY,Receipt Side,Negative,Part I
3201128508,320103101110108,Recovery of PLI Investment Board-LTC in Current FY,Receipt Side,Negative,Part I
3201128608,320104101010008,Recovery of Audit Staff-LTC in Current FY,Receipt Side,Negative,Part I
3201128708,320104102010108,Recovery of Directorate (PA Wing)-LTC in Current FY,Receipt Side,Negative,Part I
3201128808,320104102020108,Recovery of Circle Postal Account office-LTC in Current FY,Receipt Side,Negative,Part I
3201128908,320105053030108,Recovery of Building Establishment-LTC in Current FY,Receipt Side,Negative,Part I
3201129008,320106101030108,Recovery of Dispensaries-LTC in Current FY,Receipt Side,Negative,Part I
3201129108,320108102030108,Recovery of Storage & Distribution of form-LTC in Current FY,Receipt Side,Negative,Part I
3201129208,320108102040108,Recovery of Departmental Printing Press-LTC in Current FY,Receipt Side,Negative,Part I
3201129311,320101001010111,Recovery of Postal Directorate-DTE in Current FY,Receipt Side,Negative,Part I
3201129411,320101001020111,Recovery of BD Directorate-DTE in Current FY,Receipt Side,Negative,Part I
3201129511,320101001020211,Recovery of BD Directorate New-DTE in Current FY,Receipt Side,Negative,Part I
3201129611,320101001030111,Recovery of Philately Directorate-DTE in Current FY,Receipt Side,Negative,Part I
3201129711,320101001060111,Recovery of Parcel Directorate-DTE in Current FY,Receipt Side,Negative,Part I
3201129811,320101101010111,Recovery of Circle Office-DTE in Current FY,Receipt Side,Negative,Part I
3201129911,320101101020111,Recovery of BD Branch-DTE in Current FY,Receipt Side,Negative,Part I
3201130011,320101101030111,Recovery of Postal Division-DTE in Current FY,Receipt Side,Negative,Part I
3201130111,320101101040111,Recovery of RMS Divisions-DTE in Current FY,Receipt Side,Negative,Part I
3201130211,320101101050111,Recovery of Foreign Post Divisions-DTE in Current FY,Receipt Side,Negative,Part I
3201130311,320101101060111,Recovery of Postal Stores Depot-DTE in Current FY,Receipt Side,Negative,Part I
3201130411,320102003010111,Recovery of Operational Training-DTE in Current FY,Receipt Side,Negative,Part I
3201130511,320102003020111,Recovery of Training Program-Group A &B -DTE in Current FY,Receipt Side,Negative,Part I
3201130611,320102003020211,Recovery of In Service Training-DTE in Current FY,Receipt Side,Negative,Part I
3201130711,320102003020311,Recovery of Computer Training -TIL-DTE in Current FY,Receipt Side,Negative,Part I
3201130811,320102003030111,Recovery of Service Training to officials-DTE in Current FY,Receipt Side,Negative,Part I
3201130911,320102003030211,Recovery of Computer Training-WPL-DTE in Current FY,Receipt Side,Negative,Part I
3201131011,320102101010111,Recovery of Existing Post Offices-DTE in Current FY,Receipt Side,Negative,Part I
3201131111,320102101020111,Recovery of Opening & Upgrading of PO-DTE in Current FY,Receipt Side,Negative,Part I
3201131211,320102101030111,Recovery of Postal Seals office Aligarh-DTE in Current FY,Receipt Side,Negative,Part I
3201131311,320102101040111,Recovery of Premium Product Services-DTE in Current FY,Receipt Side,Negative,Part I
3201131411,320102101040211,Recovery of Premium Prod. Service(Scheme)-DTE in Current FY,Receipt Side,Negative,Part I
3201131511,320102101090111,Recovery of Mass Mailing Services-DTE in Current FY,Receipt Side,Negative,Part I
3201131611,320102102010111,Recovery of Mail Sorting-DTE in Current FY,Receipt Side,Negative,Part I
3201131711,320102103040111,Recovery of DMMS for Ordinary Services-DTE in Current FY,Receipt Side,Negative,Part I
3201131811,320102103050111,Recovery of DMMS for Premium Services-DTE in Current FY,Receipt Side,Negative,Part I
3201131911,320102103060111,Recovery of Other Conveyance of Mails-DTE in Current FY,Receipt Side,Negative,Part I
3201132011,320102103070111,Recovery of Logistic Post-DTE in Current FY,Receipt Side,Negative,Part I
3201132111,320102104010111,Recovery of Establishment of R & D-DTE in Current FY,Receipt Side,Negative,Part I
3201132211,320102104020111,Recovery of Regional Workshops-DTE in Current FY,Receipt Side,Negative,Part I
3201132311,320102104050111,Recovery of M& M-Other items-DTE in Current FY,Receipt Side,Negative,Part I
3201132411,320102104090011,Recovery of PMU-DTE in Current FY,Receipt Side,Negative,Part I
3201132511,320103101010111,Recovery of SBCO-DTE in Current FY,Receipt Side,Negative,Part I
3201132611,320103101020111,Recovery of SB(ICO)-DTE in Current FY,Receipt Side,Negative,Part I
3201132711,320103101030111,Recovery of Small Savings Work-DTE in Current FY,Receipt Side,Negative,Part I
3201132811,320103101040111,Recovery of SB Pairing Work-DTE in Current FY,Receipt Side,Negative,Part I
3201132911,320103101050111,Recovery of Refresher Course for SB/SC -DTE in Current FY,Receipt Side,Negative,Part I
3201133011,320103101070111,Recovery of PLI Directorate-DTE in Current FY,Receipt Side,Negative,Part I
3201133111,320103101080111,Recovery of PLI Branch Circle office-DTE in Current FY,Receipt Side,Negative,Part I
3201133211,320103101080211,Recovery of Training of Mktng. CO Personal-DTE in Current FY,Receipt Side,Negative,Part I
3201133311,320103101090111,Recovery of Rural PLI-DTE in Current FY,Receipt Side,Negative,Part I
3201133411,320103101100111,Recovery of Director PLI Calcutta-DTE in Current FY,Receipt Side,Negative,Part I
3201133511,320103101110111,Recovery of PLI Investment Board-DTE in Current FY,Receipt Side,Negative,Part I
3201133611,320103101150111,Recovery of MGNREG ACT Workers-DTE in Current FY,Receipt Side,Negative,Part I
3201133711,320104102010111,Recovery of Directorate (PA Wing)-DTE in Current FY,Receipt Side,Negative,Part I
3201133811,320104102010211,Recovery of Human Resource Mgmt (scheme)-DTE in Current FY,Receipt Side,Negative,Part I
3201133911,320104102020111,Recovery of Circle Postal Account office-DTE in Current FY,Receipt Side,Negative,Part I
3201134011,320105053030111,Recovery of Building Establishment-DTE in Current FY,Receipt Side,Negative,Part I
3201134111,320106101030111,Recovery of Dispensaries-DTE in Current FY,Receipt Side,Negative,Part I
3201134211,320108102030111,Recovery of Storage & Distribution of form-DTE in Current FY,Receipt Side,Negative,Part I
3201134311,320108102040111,Recovery of Departmental Printing Press-DTE in Current FY,Receipt Side,Negative,Part I
3201134412,320101001010112,Recovery of Postal Dte-Foreign Travel Expenses in Current FY,Receipt Side,Negative,Part I
3201134512,320101001020112,Recovery of BD Dte-Foreign Travel Expenses in Current FY,Receipt Side,Negative,Part I
3201134612,320101001020212,Recovery of BD Dte New-ForeignTravel Expenses in Current FY,Receipt Side,Negative,Part I
3201134712,320101001030112,Recovery of Philately Dte-Foreign Travel Exp. in Current FY,Receipt Side,Negative,Part I
3201134812,320101001050112,Recovery of South Asia Postal Union -FTE in Current FY,Receipt Side,Negative,Part I
3201134912,320101001060112,Recovery of Parcel Dte-Foreign Travel Expenses in Current FY,Receipt Side,Negative,Part I
3201135012,320101101010112,Recovery of CO-Foreign Travel Expenses in Current FY,Receipt Side,Negative,Part I
3201135112,320101101020112,Recovery of BD Branch-Foreign Travel Expenses in Current FY,Receipt Side,Negative,Part I
3201135212,320102003020112,Recovery of Training Program-Group A &B -FTE in Current FY,Receipt Side,Negative,Part I
3201135312,320102101040112,Recovery of Premium Product Services-FTE in Current FY,Receipt Side,Negative,Part I
3201135412,320102101040212,Recovery of Premium Prod. Service(Scheme)-FTE in Current FY,Receipt Side,Negative,Part I
3201135512,320102102010112,Recovery of Mail Sorting-Foreign Travel Exp. in Current FY,Receipt Side,Negative,Part I
3201135612,320102104090012,Recovery of PMU-Foreign Travel Expenses in Current FY,Receipt Side,Negative,Part I
3201135712,320103101030112,Recovery of Small Savings Work-Fgn. Travel Exp.in Current FY,Receipt Side,Negative,Part I
3201135812,320104102010112,Recovery of Dte (PA Wing)-Foreign Travel Exp. in Current FY,Receipt Side,Negative,Part I
3201135912,320104102010212,Recovery of Human Resource Mgmt (Scheme)-FTE in Current FY,Receipt Side,Negative,Part I
3201136012,320104102020112,Recovery of Circle Postal Account office-FTE in Current FY,Receipt Side,Negative,Part I
3201136112,320105053030112,Recovery of Building Estt.-Foreign Travel Exp. in Current FY,Receipt Side,Negative,Part I
3201136212,320106101030112,Recovery of Dispensaries-Foreign Travel Exp. in Current FY,Receipt Side,Negative,Part I
5201000272,520100003020072,Training _Buildings_Buildings And Structures,Payment Side,Positive,Part I
5201000374,520100003020074,Training_Buildings_Furniture & Fixtures,Payment Side,Positive,Part I
5201000476,520100003020076,Training_Buildings_Upgradation Of Heritage Assets & N.E.C.,Payment Side,Positive,Part I
5201000577,520100003020177,Training_Building-Other Fixed Assets,Payment Side,Positive,Part I
5201000678,520100101010078,Postal Network Land_Land,Payment Side,Positive,Part I
5201000772,520100101020072,Postal Buildings_Buildings And Structures,Payment Side,Positive,Part I
5201000874,520100101020074,Postal Buildings_Furniture & Fixtures,Payment Side,Positive,Part I
5201000976,520100101020076,Buildings_Upgradation Of Heritage Assets & N.E.C.,Payment Side,Positive,Part I
5201001078,520100101029678,Swachhta Action Plan (SAP)_Land,Payment Side,Positive,Part I
5201001151,520100101030151,Modernisation of Motor Vehicles_Motor Vehicles,Payment Side,Positive,Part I
5201001252,520100101030152,Modernisation of Motor Vehicles_Machinery & Equipment,Payment Side,Positive,Part I
5201001352,520100101030252,Modernisation of Mail Motor Depot-Machinery & Equipment,Payment Side,Positive,Part I
5201001451,520100101030351,Mechanised Delivery-Motor Vehicles,Payment Side,Positive,Part I
5201001560,520100101030360,Mechanised Delivery-other Capital Expenditure,Payment Side,Positive,Part I
5201001651,520100101030451,Modernisation of Mail Motor Vehicles-Motor Vehicles,Payment Side,Positive,Part I
5201001752,520100101030452,Modernisation of Mail Motor Vehicles-Machinery & Equipment,Payment Side,Positive,Part I
5201001872,520100101030472,Modernisation of Mail Motor Vehicle-Buildings and Structures,Payment Side,Positive,Part I
5201001951,520100101040051,MMVs for Premium Product Services-Motor vehicles,Payment Side,Positive,Part I
5201002052,520100104020152,IT Installation of V-SATs other than IT-Machinery&Equipment,Payment Side,Positive,Part I
5201002152,520100104040152,National Data Centre other than IT-Machinery & Equipment,Payment Side,Positive,Part I
5201002252,520100104060152,Multi- Purpose Counter Machines other than IT-M & E,Payment Side,Positive,Part I
5201002371,520100104070071,Computerisation/Modernisation of Savings Bank-ICT,Payment Side,Positive,Part I
5201002452,520100104070152,C/M of Saving Bank other than IT-Machinery & Equipment,Payment Side,Positive,Part I
5201002572,520100104070172,C/M of Saving Bank other than IT-Building & Structures,Payment Side,Positive,Part I
5201002674,520100104070174,C/M of Saving Bank other than IT-Furniture & Fixtures,Payment Side,Positive,Part I
5201002771,520100104080071,Computerisation & Modernisation Of Post Office-ICT,Payment Side,Positive,Part I
5201002852,520100104080152,Modernisation of Post Offices other than IT-M & E,Payment Side,Positive,Part I
5201002974,520100104080174,Modernisation Of POs other than IT -Furniture & Fixtures,Payment Side,Positive,Part I
5201003052,520100104088552,M&E Modernisation of Women Post Off(Gender Budget),Payment Side,Positive,Part I
5201003152,520100104090152,Upgrade of Technology for Seals&Stamps other than IT-M & E,Payment Side,Positive,Part I
5201003271,520100104100071,Modernisation/Computerisation Of HRO(RMS)-ICT,Payment Side,Positive,Part I
5201003352,520100104100152,Modernisation/Computerisation Of HRO other than IT-M & E,Payment Side,Positive,Part I
5201003474,520100104100174,Modernisation/Computerisation Of HRO other than IT-F & F,Payment Side,Positive,Part I
5201003552,520100104110152,C/M Transit Mail Office(RMS)other than IT-M & E,Payment Side,Positive,Part I
5201003652,520100104120152,Setting up of Computer. Regional Centres other than IT-M & E,Payment Side,Positive,Part I
5201003771,520100104130071,Modernisation/Computerisation Of Mail Offices-ICT,Payment Side,Positive,Part I
5201003852,520100104130152,C/M of Mail offices other than IT-Machinery & Equipment,Payment Side,Positive,Part I
5201003974,520100104130174,C/M of Mail offices other than IT-Furniture & Fixtures,Payment Side,Positive,Part I
5201004052,520100104140052,Setting Up Of Mail Business Centre_Machinery & Equipment,Payment Side,Positive,Part I
5201004171,520100104140071,Setting Up Of Mail Business Centre_ICT Equipment,Payment Side,Positive,Part I
5201004252,520100104140152,Setting up of Mail Business Centre other than IT-M & E,Payment Side,Positive,Part I
5201004372,520100104140172,Setting up of MBC other than IT-Building & Structures,Payment Side,Positive,Part I
5201004474,520100104140174,Setting up of MBC other than IT-Furniture & Fixtures,Payment Side,Positive,Part I
5201004552,520100104150152,Print Mail System in Major Cities other than IT-M & E,Payment Side,Positive,Part I
5201004652,520100104159952,M&E-IT Est Print Mail System in Major Cities,Payment Side,Positive,Part I
5201004771,520100104160071,Upgradation & Modernisation Of PSDs-ICT,Payment Side,Positive,Part I
5201004852,520100104160152,Upgradation & Modernisation of PSDs other than IT-M & E,Payment Side,Positive,Part I
5201004974,520100104160174,Upgradation &Modernisation of PSDs other than IT-Fur.& Fix.,Payment Side,Positive,Part I
5201005052,520100104169952,M&E-IT Upgrad & Modern Postal Store Depot,Payment Side,Positive,Part I
5201005152,520100104170152,Upgradation & Modernisation of CSDs other than IT-M & E,Payment Side,Positive,Part I
5201005252,520100104170252,Infrastructure & Equipment for Material Management-M & E,Payment Side,Positive,Part I
5201005371,520100104180071,Modernisation/Computerisation of BD &Marketing-ICT,Payment Side,Positive,Part I
5201005452,520100104180152,C/M of BD & Marketing other than IT-Machinery & Equipment,Payment Side,Positive,Part I
5201005574,520100104180174,C/M of BD & Marketing other than IT-Furniture & Fixtures,Payment Side,Positive,Part I
5201005752,520100104190152,Modern SPCs(Improving Ergonomics) other than IT-M & E,Payment Side,Positive,Part I
5201005852,520100104199952,M&E-IT Modern Speed Post Centres(Improving Ergos),Payment Side,Positive,Part I
5201005952,520100104200152,Modern SP Booking & Delivery office other than IT-M & E,Payment Side,Positive,Part I
5201006052,520100104210152,e-Post other than IT-Machinery & Equipment,Payment Side,Positive,Part I
5201006152,520100104220152,e-Bill Post other than IT-Machinery & Equipment,Payment Side,Positive,Part I
5201006252,520100104230052,Business Expansion (Speed Post)_Machinery & Equipment,Payment Side,Positive,Part I
5201006371,520100104230071,Business Expansion (Speed Post)_ICT Equipment,Payment Side,Positive,Part I
5201006472,520100104230072,Business Expansion (Speed Post)_Building & Structures,Payment Side,Positive,Part I
5201006552,520100104230152,Business Expansion Speed Post other than IT-M & E,Payment Side,Positive,Part I
5201006672,520100104230172,Business Expansion SP other than IT-Building & Structures,Payment Side,Positive,Part I
5201006774,520100104230174,Business Expansion SP other than IT-Furniture & Fixtures,Payment Side,Positive,Part I
5201006852,520100104239952,M&E-IT Business Expansion Speed Post,Payment Side,Positive,Part I
5201006952,520100104240152,Track and Trace System Acct. Articles other than IT-M & E,Payment Side,Positive,Part I
5201007052,520100104250152,Upgrade of Trace and Track (Speed Net) other than IT-M & E,Payment Side,Positive,Part I
5201007152,520100104260152,IT ISO Certification of Speed Post other than IT-M & E,Payment Side,Positive,Part I
3201046808,320102102020108,GDS Mailman-LTC,Payment Side,Positive,Part I
5201007252,520100104270152,Express Parcel Post Centres other than IT-M & E,Payment Side,Positive,Part I
5201007371,520100104280071,Infrastructure for Parcel Post Hubs _ICT Equipment,Payment Side,Positive,Part I
5201007472,520100104280072,Infrastructure for Parcel Post Hubs_Building & Structures,Payment Side,Positive,Part I
5201007574,520100104280074,Infrastructure for Parcel Post Hubs_Furniture & Fixtures,Payment Side,Positive,Part I
5201007652,520100104280152,Infrastructure for Parcel Post Hubs other than IT-M & E,Payment Side,Positive,Part I
5201007772,520100104280172,Infra for Parcel Hubs other than IT-Building & Structures,Payment Side,Positive,Part I
5201007874,520100104280174,Infra for Parcel Hubs other than IT-Furniture & Fixtures,Payment Side,Positive,Part I
5201007952,520100104290152,International Parcel Hub Development other than IT-M & E,Payment Side,Positive,Part I
5201008052,520100104300152,International Parcels & Logistics other than IT-M & E,Payment Side,Positive,Part I
5201008171,520100104310071,Computerisation/Modernisation of Philately.-ICT,Payment Side,Positive,Part I
5201008252,520100104310152,Computerisation/Modern. of Philately other than IT-M & E,Payment Side,Positive,Part I
5201008374,520100104310174,Modern. of Philately other than IT-Furniture & Fixtures,Payment Side,Positive,Part I
5201008452,520100104320152,Organisation of Philatelic Exhibition other than IT-M & E,Payment Side,Positive,Part I
5201008571,520100104330071,C/M of Finance Management (PAO)-ICT,Payment Side,Positive,Part I
5201008652,520100104330152,C/M of Finance Management (PAO) Other than IT-M & E,Payment Side,Positive,Part I
5201008774,520100104330174,C/M of Finance Mgmt (PAO) Other than IT-Furniture & Fixtures,Payment Side,Positive,Part I
5201008877,520100104330177,C/M of Finance Mgmt (PAO) Other than IT-Other Fixed Assets,Payment Side,Positive,Part I
5201008971,520100104340071,Modernisation Of Admin Management-Postal Directorate-ICT,Payment Side,Positive,Part I
5201009052,520100104340152,Modern. Admin Mgmt Postal Directorate Other than IT-M & E,Payment Side,Positive,Part I
5201009174,520100104340174,Modern. Admin Mgmt Postal Dte Other than IT-Furn. & Fixtures,Payment Side,Positive,Part I
5201009277,520100104340177,Modern. Admin Mgmt Postal Dte Other than IT-othr fixed Asset,Payment Side,Positive,Part I
5201009371,520100104350071,Computerisation/Modernisation of Civil Wing-ICT,Payment Side,Positive,Part I
5201009452,520100104350152,C/M of Civil Wing Other than IT-Machinery & Equipment,Payment Side,Positive,Part I
5201009574,520100104350174,Modern. of Civil Wing Other than IT-Furniture & Fixtures,Payment Side,Positive,Part I
5201009671,520100104360071,Computerisation & Network of COs with Postal Dte-ICT,Payment Side,Positive,Part I
5201009752,520100104360152,Computerisation & Network of COs with Postal Dte-M & E,Payment Side,Positive,Part I
5201009874,520100104360174,Computerisation & Network of COs with Postal Dte-F & F,Payment Side,Positive,Part I
5201009977,520100104360177,Computerisation & Network of COs with Postal Dte-Othr F A,Payment Side,Positive,Part I
5201010071,520100104370071,Computerisation/Modernisation Of Admin Offices-ICT,Payment Side,Positive,Part I
5201010152,520100104370152,C/M of Admin offices Other than IT-Machinery & Equipment,Payment Side,Positive,Part I
5201010274,520100104370174,C/M of Admin offices Other than IT-Furniture & Fixtures,Payment Side,Positive,Part I
5201010377,520100104370177,C/M of Admin offices Other than IT-Other Fixed Assets,Payment Side,Positive,Part I
5201010452,520100104380152,C/M Customer Care Centres Other than IT-M & E,Payment Side,Positive,Part I
5201010552,520100104390152,Upgradation of Customer Care Centers Other than IT-M & E,Payment Side,Positive,Part I
5201010652,520100104400152,AIMPS other than IT-Machinery and Equipment,Payment Side,Positive,Part I
5201010752,520100104410152,Upgradation of Existing Auto MPS(O.C.R) Other than IT-M & E,Payment Side,Positive,Part I
5201010852,520100104420152,Modern. of TMOs & HRO(Mail Process) Other than IT-M & E,Payment Side,Positive,Part I
5201010971,520100104440071,Mail offices/ Registration Sorting offices-ICT,Payment Side,Positive,Part I
5201011052,520100104440152,Mail office/ Registration Sorting office other than IT-M & E,Payment Side,Positive,Part I
5201011174,520100104440174,Mail office/ Registration Sorting office other than IT-F& F,Payment Side,Positive,Part I
5201011252,520100104450152,Other Establishment of Mail Processing other than IT-M & E,Payment Side,Positive,Part I
5201011352,520100104460152,Smart Cards(Financial Services) other than IT-M & E,Payment Side,Positive,Part I
5201011452,520100104470152,POSTerminals(Financial Services) Other than IT-M & E,Payment Side,Positive,Part I
5201011552,520100104480152,Upgradation of IT Infrastructure in POs other than IT-M & E,Payment Side,Positive,Part I
5201011652,520100104490152,C/M of Air Mail Centres other than IT-Machinery & Equipment,Payment Side,Positive,Part I
5201011771,520100104500071,Computerisation/Modernisation Of FPOs-ICT,Payment Side,Positive,Part I
5201011852,520100104500152,C/M of foreign Post Offices other than IT-M & E,Payment Side,Positive,Part I
5201011974,520100104500174,Modernisation of FPOs other than IT-Furniture & Fixtures,Payment Side,Positive,Part I
5201012052,520100104510152,QSF (International mail Processing) other than IT-M & E,Payment Side,Positive,Part I
5201012152,520100104520152,Upgrade of Int.Mail Process & NW System other than IT-M & E,Payment Side,Positive,Part I
5201012271,520100104530071,Computerisation&Modernization of Insurance Operations-ICT,Payment Side,Positive,Part I
5201012352,520100104530152,Insurance Operations other than IT-Machinery & Equipment,Payment Side,Positive,Part I
5201012474,520100104530174,Insurance Operations other than IT-Furniture & Fixtures,Payment Side,Positive,Part I
5201012552,520100104540152,Solar Panel Other than IT-Machinery & Equipment,Payment Side,Positive,Part I
5201012652,520100104550152,Containerisation ULDs Other than IT-Machinery & Equipment,Payment Side,Positive,Part I
5201012752,520100104560152,Centralised Back offices Other than IT-Machinery & Equipment,Payment Side,Positive,Part I
5201012852,520100104570152,Customer Relation Management Other than IT-M & E,Payment Side,Positive,Part I
5201012952,520100104580152,Cards and TIE UPS Other than IT-Machinery & Equipment,Payment Side,Positive,Part I
5201013052,520100104590152,Setting up of global business centres Other than IT-M & E,Payment Side,Positive,Part I
5201013152,520100104600152,Project Arrow(Induction Technology)other than IT-M & E,Payment Side,Positive,Part I
5201013252,520100104610152,Cash chest at rural Branch Office other than IT-M & E,Payment Side,Positive,Part I
5201013372,520100104610172,Cash chest at BO other than IT-Buidlings and Structures,Payment Side,Positive,Part I
5201015260,520100204010160,Fabrication of new air brake mail vans- Other Capex,Payment Side,Positive,Part I
5201015360,520100204010260,Modification/conversion of Existing RMS Vans-Other Capex,Payment Side,Positive,Part I
5201015660,520100205030160,Misc. Civil Electrical Work Advances Debit-Other CapEx,Payment Side,Positive,Part I
5201015760,520100205030260,Misc. Civil Electrical Work Advances Credit-Other CapEx,Payment Side,Positive,Part I
5201015870,520100800010170,Receipts and Recoveries on Capital Account-Deduct recoveries,Receipt Side,Negative,Part I
5201015970,520100800010270,Depreciated val.of asset abandoned/dismantled/sold/replaced,Receipt Side,Negative,Part I
5201016052,520100104050052,In House Computer-Machinery & Equipment,Payment Side,Positive,Part I
3201001826,320101001010126,Postal Directorate-Advertising & Publicity,Payment Side,Positive,Part I
3201001927,320101001010127,Postal Directorate-Minor Civil and Electrical Works,Payment Side,Positive,Part I
3201002028,320101001010128,Postal Directorate-Professinal Services,Payment Side,Positive,Part I
3201002129,320101001010129,Postal Directorate-Repair & Maintenance,Payment Side,Positive,Part I
3201002240,320101001010140,Postal Directorate-Awards and Prizes,Payment Side,Positive,Part I
3201002349,320101001010149,Postal Directorate-Other Revenue Expenditure,Payment Side,Positive,Part I
3201002464,320101001010164,Postal Directorate-Write off of losses,Payment Side,Positive,Part I
3201002528,320101001010228,Dynamic Queue Management System(DQMS)-Professional Services,Payment Side,Positive,Part I
3201002601,320101001020101,BD Directorate-Salaries,Payment Side,Positive,Part I
3201002805,320101001020105,BD Directorate-Rewards,Payment Side,Positive,Part I
3201002906,320101001020106,BD Directorate-Medical Treatment,Payment Side,Positive,Part I
3201003007,320101001020107,BD Directorate-Allowances,Payment Side,Positive,Part I
3201003108,320101001020108,BD Directorate-LTC,Payment Side,Positive,Part I
3201003209,320101001020109,BD Directorate-Training Expenses,Payment Side,Positive,Part I
3201003311,320101001020111,BD Directorate-Domestic Travel Expenses,Payment Side,Positive,Part I
3201003412,320101001020112,BD Directorate-Foreign Travel Expenses,Payment Side,Positive,Part I
3201003513,320101001020113,BD Directorate-Office Expenses,Payment Side,Positive,Part I
3201003614,320101001020114,"BD Directorate-Rent,Rates & Taxes for Land and Buidlings",Payment Side,Positive,Part I
3201003715,320101001020115,BD Directorate-Royalty,Payment Side,Positive,Part I
3201003816,320101001020116,BD Directorate-Printing and Publication,Payment Side,Positive,Part I
3201003918,320101001020118,BD Directorate-Rent for Others,Payment Side,Positive,Part I
3201004019,320101001020119,BD Directorate-Digital Equipment,Payment Side,Positive,Part I
3201004121,320101001020121,BD Directorate-Materials and Supplies,Payment Side,Positive,Part I
3201004224,320101001020124,BD Directorate-Fuels and Lubricants,Payment Side,Positive,Part I
3201004326,320101001020126,BD Directorate-Advertising and Publicity,Payment Side,Positive,Part I
3201004427,320101001020127,BD Directorate-Minor Civil and Electrical Works,Payment Side,Positive,Part I
3201004528,320101001020128,BD Directorate-Professional Services,Payment Side,Positive,Part I
3201004629,320101001020129,BD Directorate-Repair & Maintenance,Payment Side,Positive,Part I
3201004749,320101001020149,BD Directorate-Other Revenue Expenditure,Payment Side,Positive,Part I
3201004864,320101001020164,BD Directorate-Write off of losses,Payment Side,Positive,Part I
3201004911,320101001020211,BD Directorate New-Domestic Travel Expenses,Payment Side,Positive,Part I
3201005012,320101001020212,BD Directorate New-ForeignTravel Expenses,Payment Side,Positive,Part I
3201005113,320101001020213,BD Directorate New-Office Expenses,Payment Side,Positive,Part I
3201005214,320101001020214,"BD Directorate New-Rent,Rates & Taxes for Land and Buidlings",Payment Side,Positive,Part I
3201005316,320101001020216,BD Directorate New-Printing and Publication,Payment Side,Positive,Part I
3201005418,320101001020218,BD Directorate New-Rent for Others,Payment Side,Positive,Part I
3201005519,320101001020219,BD Directorate New-Digital Equipment,Payment Side,Positive,Part I
3201005627,320101001020227,BD Directorate New-Minor Civil and Electrical Works,Payment Side,Positive,Part I
3201005728,320101001020228,BD Directorate New-Professional Services,Payment Side,Positive,Part I
3201005829,320101001020229,BD Directorate New-Repair and Maintenance,Payment Side,Positive,Part I
3201005909,320101001030109,Philately Directorate-Training Expenses,Payment Side,Positive,Part I
3201006011,320101001030111,Philately Directorate-Domestic Travel Expenses,Payment Side,Positive,Part I
3201006112,320101001030112,Philately Directorate-Foreign Travel Expenses,Payment Side,Positive,Part I
3201006213,320101001030113,Philately Directorate-Office Expenses,Payment Side,Positive,Part I
3201006314,320101001030114,Philately Directorate-RRT for Land and Buidlings,Payment Side,Positive,Part I
3201006416,320101001030116,Philately Directorate-Printing and Publication,Payment Side,Positive,Part I
3201006518,320101001030118,Philately Directorate-Rent for Others,Payment Side,Positive,Part I
3201006619,320101001030119,Philately Directorate-Digital Equipment,Payment Side,Positive,Part I
3201006726,320101001030126,Philately Directorate-Advertising and Publicity,Payment Side,Positive,Part I
3201006827,320101001030127,Philately Directorate-Minor Civil and Electical Works,Payment Side,Positive,Part I
3201006928,320101001030128,Philately Directorate-Professional Services,Payment Side,Positive,Part I
3201007029,320101001030129,Philately Directorate-Repair and Maintenance,Payment Side,Positive,Part I
3201012006,320101101020106,BD Branch-Medical Treatment,Payment Side,Positive,Part I
3201007149,320101001030149,Philately Directorate-Other Revenue Expenditure,Payment Side,Positive,Part I
3201007226,320101001040126,Financial Services-Advertising and Publicity,Payment Side,Positive,Part I
3201007301,320101001050101,South Asia Postal Union Sectt-Salaries,Payment Side,Positive,Part I
3201007405,320101001050105,South Asia Postal Union Sectt-Rewards,Payment Side,Positive,Part I
3201007507,320101001050107,South Asia Postal Union Sectt-Allowances,Payment Side,Positive,Part I
3201007608,320101001050108,South Asia Postal Union Sectt-LTC,Payment Side,Positive,Part I
3201007712,320101001050112,South Asia Postal Union Sectt-Foreign Travel Expenses,Payment Side,Positive,Part I
3201007801,320101001060101,Parcel Directorate-Salaries,Payment Side,Positive,Part I
3201007905,320101001060105,Parcel Directorate-Rewards,Payment Side,Positive,Part I
3201008006,320101001060106,Parcel Directorate-Medical Treatment,Payment Side,Positive,Part I
3201008107,320101001060107,Parcel Directorate-Allowances,Payment Side,Positive,Part I
3201008208,320101001060108,Parcel Directorate-LTC,Payment Side,Positive,Part I
3201008309,320101001060109,Parcel Directorate-Training Expenses,Payment Side,Positive,Part I
3201008411,320101001060111,Parcel Directorate-Domestic Travel Expenses,Payment Side,Positive,Part I
3201008512,320101001060112,Parcel Directorate-Foreign Travel Expenses,Payment Side,Positive,Part I
3201008613,320101001060113,Parcel Directorate-Office Expenses,Payment Side,Positive,Part I
3201008716,320101001060116,Parcel Directorate-Printing and Publication,Payment Side,Positive,Part I
3201008818,320101001060118,Parcel Directorate-Rent for Others,Payment Side,Positive,Part I
3201008919,320101001060119,Parcel Directorate-Digital Equipment,Payment Side,Positive,Part I
3201009024,320101001060124,Parcel Directorate-Fuel and Lubricants,Payment Side,Positive,Part I
3201009126,320101001060126,Parcel Directorate-Advertising andPublicity,Payment Side,Positive,Part I
3201009228,320101001060128,Parcel Directorate-Professional Services,Payment Side,Positive,Part I
3201009329,320101001060129,Parcel Directorate-Repair & Maintenance,Payment Side,Positive,Part I
3201009449,320101001060149,Parcel Directorate-Other Revenue Expenditure,Payment Side,Positive,Part I
3201009501,320101101010101,Circle Office-Salaries,Payment Side,Positive,Part I
3201009602,320101101010102,Circle Office-Wages,Payment Side,Positive,Part I
3201009705,320101101010105,Circle Office-Rewards,Payment Side,Positive,Part I
3201009806,320101101010106,Circle Office-Medical Treatment,Payment Side,Positive,Part I
3201009907,320101101010107,Circle Office-Allowances,Payment Side,Positive,Part I
3201010008,320101101010108,Circle Office-LTC,Payment Side,Positive,Part I
3201010111,320101101010111,Circle Office-Domestic Travel Expenses,Payment Side,Positive,Part I
3201010212,320101101010112,Circle Office-Foreign Travel Expenses,Payment Side,Positive,Part I
3201010313,320101101010113,Circle Office-Office Expenses,Payment Side,Positive,Part I
3201010414,320101101010114,"Circle Office-Rent,Rates & Taxes for Land and Buidlings",Payment Side,Positive,Part I
3201010516,320101101010116,Circle Office-Printing and Publication,Payment Side,Positive,Part I
3201010618,320101101010118,Circle Office-Rent for Others,Payment Side,Positive,Part I
3201010719,320101101010119,Circle Office-Digital Equipment,Payment Side,Positive,Part I
3201010821,320101101010121,Circle Office-Materials and Supplies,Payment Side,Positive,Part I
3201010924,320101101010124,Circle Office-Fuels and Lubricants,Payment Side,Positive,Part I
3201011026,320101101010126,Circle Office-Advertising and Publicity,Payment Side,Positive,Part I
3201011127,320101101010127,Circle Office-Minor Civil and Electrical Works,Payment Side,Positive,Part I
3201011228,320101101010128,Circle Office-Professional Services,Payment Side,Positive,Part I
3201011329,320101101010129,Circle Office-Repair and Maintenance,Payment Side,Positive,Part I
3201011440,320101101010140,Circle Office-Awards and Prizes,Payment Side,Positive,Part I
3201011549,320101101010149,Circle Office-Other Revenue Expenditure,Payment Side,Positive,Part I
3201011664,320101101010164,Circle Office-Write off of losses,Payment Side,Positive,Part I
3201011701,320101101020101,BD Branch-Salaries,Payment Side,Positive,Part I
3201011802,320101101020102,BD Branch-Wages,Payment Side,Positive,Part I
3201011905,320101101020105,BD Branch-Rewards,Payment Side,Positive,Part I
3201012107,320101101020107,BD Branch-Allowances,Payment Side,Positive,Part I
3201012208,320101101020108,BD Branch-LTC,Payment Side,Positive,Part I
3201012311,320101101020111,BD Branch-Domestic Travel Expenses,Payment Side,Positive,Part I
3201012412,320101101020112,BD Branch-Foreign Travel Expenses,Payment Side,Positive,Part I
3201012513,320101101020113,BD Branch-Office Expenses,Payment Side,Positive,Part I
3201012614,320101101020114,"BD Branch-Rent,Rates & Taxes for Land and Buidlings",Payment Side,Positive,Part I
3201012716,320101101020116,BD Branch-Printing and Publication,Payment Side,Positive,Part I
3201012818,320101101020118,BD Branch-Rent for Others,Payment Side,Positive,Part I
3201012919,320101101020119,BD Branch-Digital Equipment,Payment Side,Positive,Part I
3201013021,320101101020121,BD Branch-Materials and Supplies,Payment Side,Positive,Part I
3201013124,320101101020124,BD Branch-Fuels and Lubricants,Payment Side,Positive,Part I
3201013226,320101101020126,BD Branch-Advertising and Publicity,Payment Side,Positive,Part I
3201013327,320101101020127,BD Branch-Minor Civil and Electrical Works,Payment Side,Positive,Part I
3201013428,320101101020128,BD Branch-Professional Services,Payment Side,Positive,Part I
3201013529,320101101020129,BD Branch-Repair and Maintenance,Payment Side,Positive,Part I
3201013649,320101101020149,BD Branch-Other Revenue Expenditure,Payment Side,Positive,Part I
3201013764,320101101020164,BD Branch-Write off of lossses,Payment Side,Positive,Part I
3201013826,320101101020226,Marketing Function of DoP (Scheme)-Advertising and Publicity,Payment Side,Positive,Part I
3201013901,320101101030101,Postal Division-Salaires,Payment Side,Positive,Part I
3201014002,320101101030102,Postal Division-Wages,Payment Side,Positive,Part I
3201014105,320101101030105,Postal Division-Rewards,Payment Side,Positive,Part I
3201014206,320101101030106,Postal Division-Medical Treatment,Payment Side,Positive,Part I
3201014307,320101101030107,Postal Division-Allowances,Payment Side,Positive,Part I
3201014511,320101101030111,Postal Division-Domestic Travel Expenses,Payment Side,Positive,Part I
3201014613,320101101030113,Postal Division-Office Expenses,Payment Side,Positive,Part I
3201014714,320101101030114,"Postal Division-Rent,Rates & Taxes for Land and Buidlings",Payment Side,Positive,Part I
3201014816,320101101030116,Postal Division-Printing and Publication,Payment Side,Positive,Part I
3201014918,320101101030118,Postal Division-Rent for Others,Payment Side,Positive,Part I
3201015019,320101101030119,Postal Division-Digital Equipment,Payment Side,Positive,Part I
3201015121,320101101030121,Postal Division-Materials and Supplies,Payment Side,Positive,Part I
3201015224,320101101030124,Postal Division-Fuels and Lubricants,Payment Side,Positive,Part I
3201015326,320101101030126,Postal Division-Advertising and Publicity,Payment Side,Positive,Part I
3201015427,320101101030127,Postal Division-Minor Civil and Electrical Works,Payment Side,Positive,Part I
3201015528,320101101030128,Postal Division-Professinal Services,Payment Side,Positive,Part I
3201015629,320101101030129,Postal Division-Repair and Maintenance,Payment Side,Positive,Part I
3201015749,320101101030149,Postal Division-Other Revenue Expenditure,Payment Side,Positive,Part I
3201015864,320101101030164,Postal Division-Write off of losses,Payment Side,Positive,Part I
3201015901,320101101040101,RMS Divisions-Salaries,Payment Side,Positive,Part I
3201016002,320101101040102,RMS Divisions-Wages,Payment Side,Positive,Part I
3201016105,320101101040105,RMS Divisions-Rewards,Payment Side,Positive,Part I
3201016206,320101101040106,RMS Divisions-Medical Treatment,Payment Side,Positive,Part I
3201016307,320101101040107,RMS Divisions-Allowances,Payment Side,Positive,Part I
3201016511,320101101040111,RMS Divisions-Domestic Travel Expenses,Payment Side,Positive,Part I
3201016613,320101101040113,RMS Divisions-Office Expenses,Payment Side,Positive,Part I
3201016714,320101101040114,"RMS Divisions-Rent,Rates & Taxes for Land and Buidlings",Payment Side,Positive,Part I
3201016816,320101101040116,RMS Divisions-Prinitng and Publication,Payment Side,Positive,Part I
3201016918,320101101040118,RMS Divisions-Rent for Others,Payment Side,Positive,Part I
3201017121,320101101040121,RMS Divisions-Materials and Supplies,Payment Side,Positive,Part I
3201017224,320101101040124,RMS Divisions-Fuels and Lubricants,Payment Side,Positive,Part I
3201017326,320101101040126,RMS Divisions-Advertising and Publicity,Payment Side,Positive,Part I
3201017427,320101101040127,RMS Divisions-Minor Civil and Electrical Works,Payment Side,Positive,Part I
3201017528,320101101040128,RMS Divisions-Professional Services,Payment Side,Positive,Part I
3201017629,320101101040129,RMS Divisions-Repairs and Maintenance,Payment Side,Positive,Part I
3201017749,320101101040149,RMS Divisions-Other Revenue Expenditure,Payment Side,Positive,Part I
3201017864,320101101040164,RMS Divisions-Write off of losses,Payment Side,Positive,Part I
3201017901,320101101050101,Foreign Post Divisions-Salaries,Payment Side,Positive,Part I
3201018002,320101101050102,Foreign Post Divisions-Wages,Payment Side,Positive,Part I
3201018105,320101101050105,Foreign Post Divisions-Rewards,Payment Side,Positive,Part I
3201018206,320101101050106,Foreign Post Divisions-Medical Treatment,Payment Side,Positive,Part I
3201018307,320101101050107,Foreign Post Divisions-Allowances,Payment Side,Positive,Part I
3201018408,320101101050108,Foreign Post Divisions-LTC,Payment Side,Positive,Part I
3201018511,320101101050111,Foreign Post Divisions-Domestic Travel Expenses,Payment Side,Positive,Part I
3201018613,320101101050113,Foreign Post Divisions-OfficeExpenses,Payment Side,Positive,Part I
3201018714,320101101050114,Foreign Post Divisions-RRT for Land and Buidlings,Payment Side,Positive,Part I
3201018816,320101101050116,Foreign Post Divisions-Printing and Pulication,Payment Side,Positive,Part I
3201018918,320101101050118,Foreign Post Divisions-Rent for Others,Payment Side,Positive,Part I
3201019019,320101101050119,Foreign Post Divisions-Digital Equipment,Payment Side,Positive,Part I
3201019121,320101101050121,Foreign Post Divisions-Materials and Supplies,Payment Side,Positive,Part I
3201019224,320101101050124,Foreign Post Divisions-Fuels and Lubricants,Payment Side,Positive,Part I
3201019326,320101101050126,Foreign Post Divisions-Advertising and Publicity,Payment Side,Positive,Part I
3201019427,320101101050127,Foreign Post Divisions-Minor Civil and Electrical Works,Payment Side,Positive,Part I
3201019528,320101101050128,Foreign Post Divisions-Professional Services,Payment Side,Positive,Part I
3201019629,320101101050129,Foreign Post Divisions-Repairs and Mainteance,Payment Side,Positive,Part I
3201019749,320101101050149,Foreign Post Divisions-Other Revenue Expenditure,Payment Side,Positive,Part I
3201019864,320101101050164,Foreign Post Divisions-Write off losses,Payment Side,Positive,Part I
3201019901,320101101060101,Postal Stores Depot-Salaries,Payment Side,Positive,Part I
3201020002,320101101060102,Postal Stores Depot-Wages,Payment Side,Positive,Part I
3201020105,320101101060105,Postal Stores Depot-Rewards,Payment Side,Positive,Part I
3201020206,320101101060106,Postal Stores Depot-Medical Treatment,Payment Side,Positive,Part I
3201020307,320101101060107,Postal Stores Depot-Allowances,Payment Side,Positive,Part I
3201020408,320101101060108,Postal Stores Depot-LTC,Payment Side,Positive,Part I
3201020511,320101101060111,Postal Stores Depot-Domestic Travel Expenses,Payment Side,Positive,Part I
3201020613,320101101060113,Postal Stores Depot-Office Expenses,Payment Side,Positive,Part I
3201020714,320101101060114,Postal Stores Depot-RRT for Land and Buidlings,Payment Side,Positive,Part I
3201020816,320101101060116,Postal Stores Depot-Printing and Publication,Payment Side,Positive,Part I
3201020918,320101101060118,Postal Stores Depot-Rent for Others,Payment Side,Positive,Part I
3201021019,320101101060119,Postal Stores Depot-Digital Equipment,Payment Side,Positive,Part I
3201021121,320101101060121,Postal Stores Depot-Materials and Supplies,Payment Side,Positive,Part I
3201021224,320101101060124,Postal Stores Depot-Fuels and Lubricants,Payment Side,Positive,Part I
3201021326,320101101060126,Postal Stores Depot-Advertising and Publicity,Payment Side,Positive,Part I
3201021427,320101101060127,Postal Stores Depot-Minor and Civil Electrical Works,Payment Side,Positive,Part I
3201021528,320101101060128,Postal Stores Depot-Professional Services,Payment Side,Positive,Part I
3201044613,320102102010113,Mail Sorting-Office Expenses,Payment Side,Positive,Part I
3201021629,320101101060129,Postal Stores Depot-Repairs and Maintenance,Payment Side,Positive,Part I
3201021749,320101101060149,Postal Stores Depot-Other Revenue Expenditure,Payment Side,Positive,Part I
3201021864,320101101060164,Postal Stores Depot-Write off of losses,Payment Side,Positive,Part I
3201021970,320101911010070,Gen Admin-Recoveries of Overpayments of Previous FYs,Receipt Side,Negative,Part I
3201022001,320102003010101,Operational Training-Salaries,Payment Side,Positive,Part I
3201022102,320102003010102,Operational Training-Wages,Payment Side,Positive,Part I
3201022205,320102003010105,Operational Training-Rewards,Payment Side,Positive,Part I
3201022306,320102003010106,Operational Training-Medical Treatment,Payment Side,Positive,Part I
3201022407,320102003010107,Operational Training-Allowances,Payment Side,Positive,Part I
3201022508,320102003010108,Operational Training-LTC,Payment Side,Positive,Part I
3201022611,320102003010111,Operational Training-Domestic Travel Expenses,Payment Side,Positive,Part I
3201022713,320102003010113,Operational Training-Office Expenses,Payment Side,Positive,Part I
3201022814,320102003010114,Operational Training-RRT for Land and Buidlings,Payment Side,Positive,Part I
3201022916,320102003010116,Operational Training-Printing and Publication,Payment Side,Positive,Part I
3201023018,320102003010118,Operational Training-Rent for Others,Payment Side,Positive,Part I
3201023119,320102003010119,Operational Training-Digital Equipment,Payment Side,Positive,Part I
3201023221,320102003010121,Operational Training-Materials and Supplies,Payment Side,Positive,Part I
3201023324,320102003010124,Operational Training-Fuels and Lubricants,Payment Side,Positive,Part I
3201023426,320102003010126,Operational Training-Advertising and Publicity,Payment Side,Positive,Part I
3201023527,320102003010127,Operational Training-Minor Civil and Electrical Works,Payment Side,Positive,Part I
3201023628,320102003010128,Operational Training-Professional Services,Payment Side,Positive,Part I
3201023729,320102003010129,Operational Training-Repairs and Maintenance,Payment Side,Positive,Part I
3201023849,320102003010149,Operational Training-Other Revenue Expenditure,Payment Side,Positive,Part I
3201023964,320102003010164,Operational Training-Write off of losses,Payment Side,Positive,Part I
3201024011,320102003020111,Training Program-Group A &B officers-DTE,Payment Side,Positive,Part I
3201024213,320102003020113,Training Program-Group A & B officers- Office Expenses,Payment Side,Positive,Part I
3201024316,320102003020116,Training Program-Group A & B officers- P & P,Payment Side,Positive,Part I
3201024418,320102003020118,Training Program-Group A & B officers- Rent for Others,Payment Side,Positive,Part I
3201024519,320102003020119,Training Program-Group A & B officers-Digital Equipment,Payment Side,Positive,Part I
3201024711,320102003020211,In Service Training-Domestic Travel Expenses,Payment Side,Positive,Part I
3201024813,320102003020213,In Service Training-Office Expenses,Payment Side,Positive,Part I
3201024916,320102003020216,In Service Training-Printing and Publication,Payment Side,Positive,Part I
3201025018,320102003020218,In Service Training-Rent for Others,Payment Side,Positive,Part I
3201025119,320102003020219,In Service Training-Digital Equipment,Payment Side,Positive,Part I
3201025228,320102003020228,In Service Training-Professional Services,Payment Side,Positive,Part I
3201025311,320102003020311,Computer Training -TIL-Domestic Travel Expenses,Payment Side,Positive,Part I
3201025413,320102003020313,Computer Training -TIL-Office Expenses,Payment Side,Positive,Part I
3201025528,320102003020328,Computer Training -TIL-Professional Services,Payment Side,Positive,Part I
3201025613,320102003020413,Training Equipment-TIL-Office Expenses,Payment Side,Positive,Part I
3201025716,320102003020416,Training Equipment-TIL-Printing and Publication,Payment Side,Positive,Part I
3201025818,320102003020418,Training Equipment-TIL-Rent for Others,Payment Side,Positive,Part I
3201025919,320102003020419,Training Equipment-TIL-Digital Equipment,Payment Side,Positive,Part I
3201026027,320102003020427,Training Equipment-TIL-Minor Civil and Electrical Works,Payment Side,Positive,Part I
3201026129,320102003020429,Training Equipment-TIL-Repairs and Maintenance,Payment Side,Positive,Part I
3201026211,320102003030111,ServiceTraining to officials-Domestic Travel Expenses,Payment Side,Positive,Part I
3201026313,320102003030113,ServiceTraining to officials-Office Expenses,Payment Side,Positive,Part I
3201026428,320102003030128,ServiceTraining to officials-Professional Services,Payment Side,Positive,Part I
3201026511,320102003030211,Computer Training-WPL-Domestic Travel Expenses,Payment Side,Positive,Part I
3201026613,320102003030213,Computer Training-WPL-Office Expenses,Payment Side,Positive,Part I
3201026728,320102003030228,Computer Training-WPL-Professional Services,Payment Side,Positive,Part I
3201026813,320102003030313,Training Equipment-WPL-Office Expenses,Payment Side,Positive,Part I
3201026927,320102003030327,Training Equipment-WPL-Minor Civil Electrical Works,Payment Side,Positive,Part I
3201027001,320102101010101,Existing Post Offices-Salaries,Payment Side,Positive,Part I
3201027205,320102101010105,Existing Post Offices-Rewards,Payment Side,Positive,Part I
3201027306,320102101010106,Existing Post Offices-Medical Treatment,Payment Side,Positive,Part I
3201027407,320102101010107,Existing Post Offices-Allowances,Payment Side,Positive,Part I
3201027508,320102101010108,Existing Post Offices-LTC,Payment Side,Positive,Part I
3201027611,320102101010111,Existing Post Offices-Domestic Travel Expenses,Payment Side,Positive,Part I
3201027713,320102101010113,Existing Post Offices-Office Expenses,Payment Side,Positive,Part I
3201027814,320102101010114,Existing Post Offices-RRT for Land and Buidlings,Payment Side,Positive,Part I
3201027916,320102101010116,Existing Post Offices-Printing and Publication,Payment Side,Positive,Part I
3201028018,320102101010118,Existing Post Offices-Rent for Others,Payment Side,Positive,Part I
3201028119,320102101010119,Existing Post Offices-Digital Equipment,Payment Side,Positive,Part I
3201028221,320102101010121,Existing Post Offices-Materials and Supplies,Payment Side,Positive,Part I
3201028324,320102101010124,Existing Post Offices-Fuels and Lubricants,Payment Side,Positive,Part I
3201028426,320102101010126,Existing Post Offices-Advertising and Publicity,Payment Side,Positive,Part I
3201028527,320102101010127,Existing Post Offices-Minor Civil and Electrical Works,Payment Side,Positive,Part I
3201028628,320102101010128,Existing Post Offices-Professional Services,Payment Side,Positive,Part I
3201028729,320102101010129,Existing Post Offices-Repairs and Maintenance,Payment Side,Positive,Part I
3201028849,320102101010149,Existing Post Offices-Other Revenue Expenditure,Payment Side,Positive,Part I
3201028964,320102101010164,Existing Post Offices-Write off of losses,Payment Side,Positive,Part I
3201029013,320102101010213,Rural Business & Access to Postal Network-Office Expenses,Payment Side,Positive,Part I
3201029114,320102101010214,RB & Access to Postal Network-RRT for Land and Buidlings,Payment Side,Positive,Part I
3201029216,320102101010216,Rural Business & Access to Postal Network-P & P,Payment Side,Positive,Part I
3201029318,320102101010218,Rural Business & Access to Postal Network-Rent for Others,Payment Side,Positive,Part I
3201029419,320102101010219,Rural Business & Access to Postal Network-Digital Equipment,Payment Side,Positive,Part I
3201029527,320102101010227,Rural Business &Access to Postal Network-Minor C & E Works,Payment Side,Positive,Part I
3201029628,320102101010228,Rural Business &Access to Postal Network-PPSS,Payment Side,Positive,Part I
3201029729,320102101010229,RB & Access to Postal Network-Repairs and Maintenance,Payment Side,Positive,Part I
3201029801,320102101020101,Opening & Upgrading of Post Offices-Salaries,Payment Side,Positive,Part I
3201029902,320102101020102,Opening & Upgrading of Post Offices-Wages,Payment Side,Positive,Part I
3201030005,320102101020105,Opening & Upgrading of Post Offices-Rewards,Payment Side,Positive,Part I
3201030106,320102101020106,Opening & Upgrading of Post Offices-Medical Treatment,Payment Side,Positive,Part I
3201030207,320102101020107,Opening & Upgrading of Post Offices-Allowances,Payment Side,Positive,Part I
3201030308,320102101020108,Opening & Upgrading of Post Offices-LTC,Payment Side,Positive,Part I
3201030411,320102101020111,Opening & Upgrading of Post Offices-Domestic Travel Expenses,Payment Side,Positive,Part I
3201030513,320102101020113,Opening & Upgrading of Post Offices-Office Expenses,Payment Side,Positive,Part I
3201030614,320102101020114,Opening & Upgrading of POs-RRT for Land and Buidlings,Payment Side,Positive,Part I
3201030716,320102101020116,Opening & Upgrading of Post Offices-Printing and Publication,Payment Side,Positive,Part I
3201030818,320102101020118,Opening & Upgrading of Post Offices-Rent for Others,Payment Side,Positive,Part I
3201030919,320102101020119,Opening & Upgrading of Post Offices-Digital Equipment,Payment Side,Positive,Part I
3201031021,320102101020121,Opening & Upgrading of Post Offices-Materials and Supplies,Payment Side,Positive,Part I
3201031126,320102101020126,Opening & Upgrading of Post Offices-A & P,Payment Side,Positive,Part I
3201031227,320102101020127,Opening & Upgrading of Post Offices-Minor C & E Works,Payment Side,Positive,Part I
3201031328,320102101020128,Opening & Upgrading of Post Offices-Professional Services,Payment Side,Positive,Part I
3201031464,320102101020164,Opening & Upgrading of Post Offices-Write off of losses,Payment Side,Positive,Part I
3201031524,320102101020224,Opening of Branch Office-Fuels and Lubricants,Payment Side,Positive,Part I
3201031639,320102101020239,Opening of Branch Office-Bank and Agency Charges,Payment Side,Positive,Part I
3201031740,320102101020240,Opening of Branch Office-Awards and Prizes,Payment Side,Positive,Part I
3201031849,320102101020249,Opening of Branch Office-Other Revenue Expenditure,Payment Side,Positive,Part I
3201031901,320102101030101,Postal Seals office Aligarh-Salaries,Payment Side,Positive,Part I
3201094502,320106101030102,Dispensaries-Wages,Payment Side,Positive,Part I
3201094605,320106101030105,Dispensaries-Rewards,Payment Side,Positive,Part I
3201094706,320106101030106,Dispensaries-Medical Treatment,Payment Side,Positive,Part I
3201094807,320106101030107,Dispensaries-Allowances,Payment Side,Positive,Part I
3201094908,320106101030108,Dispensaries-LTC,Payment Side,Positive,Part I
3201032002,320102101030102,Postal Seals office Aligarh-Wages,Payment Side,Positive,Part I
3201032105,320102101030105,Postal Seals office Aligarh-Rewards,Payment Side,Positive,Part I
3201032206,320102101030106,Postal Seals office Aligarh-Medical Treatment,Payment Side,Positive,Part I
3201032307,320102101030107,Postal Seals office Aligarh-Allowances,Payment Side,Positive,Part I
3201032408,320102101030108,Postal Seals office Aligarh-LTC,Payment Side,Positive,Part I
3201032511,320102101030111,Postal Seals office Aligarh-Domestic Travel Expenses,Payment Side,Positive,Part I
3201032613,320102101030113,Postal Seals office Aligarh-Office Expenses,Payment Side,Positive,Part I
3201032714,320102101030114,Postal Seals office Aligarh-RRT for Land and Buidlings,Payment Side,Positive,Part I
3201032816,320102101030116,Postal Seals office Aligarh-Printing and Publication,Payment Side,Positive,Part I
3201032918,320102101030118,Postal Seals office Aligarh-Rent for Others,Payment Side,Positive,Part I
3201033019,320102101030119,Postal Seals office Aligarh-Digital Equipment,Payment Side,Positive,Part I
3201033121,320102101030121,Postal Seals office Aligarh-Materials and Supplies,Payment Side,Positive,Part I
3201033226,320102101030126,Postal Seals office Aligarh-Advertising and Publicity,Payment Side,Positive,Part I
3201033328,320102101030128,Postal Seals office Aligarh-Professional Services,Payment Side,Positive,Part I
3201033464,320102101030164,Postal Seals office Aligarh-Write off of losses,Payment Side,Positive,Part I
3201033501,320102101040101,Premium Product Services-Salaries,Payment Side,Positive,Part I
3201033602,320102101040102,Premium Product Services-Wages,Payment Side,Positive,Part I
3201033705,320102101040105,Premium Product Services-Rewards,Payment Side,Positive,Part I
3201033806,320102101040106,Premium Product Services-Medical Treatment,Payment Side,Positive,Part I
3201033907,320102101040107,Premium Product Services-Allowances,Payment Side,Positive,Part I
3201034008,320102101040108,Premium Product Services-LTC,Payment Side,Positive,Part I
3201034111,320102101040111,Premium Product Services-Domestic Travel Expenses,Payment Side,Positive,Part I
3201034212,320102101040112,Premium Product Services-Foreign Travel Expenses,Payment Side,Positive,Part I
3201034313,320102101040113,Premium Product Services-Office Expenses,Payment Side,Positive,Part I
3201034414,320102101040114,Premium Product Services-RRT for Land and Buidlings,Payment Side,Positive,Part I
3201034516,320102101040116,Premium Product Services-Printing and Publication,Payment Side,Positive,Part I
3201034618,320102101040118,Premium Product Services-Rent for Others,Payment Side,Positive,Part I
3201034719,320102101040119,Premium Product Services-Digital Equipment,Payment Side,Positive,Part I
3201034821,320102101040121,Premium Product Services-Materials and Supplies,Payment Side,Positive,Part I
3201034924,320102101040124,Premium Product Services-Fuels and Lubricants,Payment Side,Positive,Part I
3201035026,320102101040126,Premium Product Services-Advertising and Publicity,Payment Side,Positive,Part I
3201035127,320102101040127,Premium Product Services-Minor Civil and Electrical Works,Payment Side,Positive,Part I
3201035228,320102101040128,Premium Product Services-Professional Services,Payment Side,Positive,Part I
3201035329,320102101040129,Premium Product Services-Repairs and Maintenance,Payment Side,Positive,Part I
3201035449,320102101040149,Premium Product Services-Other Revenue Expenditure,Payment Side,Positive,Part I
3201035564,320102101040164,Premium Product Services-Write off of losses,Payment Side,Positive,Part I
3201035611,320102101040211,Premium Product Services (Scheme)-Domestic Travel Expenses,Payment Side,Positive,Part I
3201035712,320102101040212,Premium Product Services (Scheme)-ForeignTravel Expenses,Payment Side,Positive,Part I
3201035813,320102101040213,Premium Product Services (Scheme)-Office Expenses,Payment Side,Positive,Part I
3201035916,320102101040216,Premium Product Services (Scheme)-Printing and Publication,Payment Side,Positive,Part I
3201036018,320102101040218,Premium Product Services (Scheme)-Rent for Others,Payment Side,Positive,Part I
3201036119,320102101040219,Premium Product Services (Scheme)-Digital Equipment,Payment Side,Positive,Part I
3201036227,320102101040227,Premium Product Services (Scheme)-Minor C & E Works,Payment Side,Positive,Part I
3201036328,320102101040228,Premium Product Services (Scheme)-Professional Services,Payment Side,Positive,Part I
3201036401,320102101050101,Opening of POs/Apnmt of GDS in Rural Areas-Salaries,Payment Side,Positive,Part I
3201036505,320102101050105,Opening of Post Offices/Apnmt of GDS in Rural Areas-Rewards,Payment Side,Positive,Part I
3201036607,320102101050107,Opening of POs/Apnmt of GDS in Rural Areas-Allowances,Payment Side,Positive,Part I
3201036708,320102101050108,Opening of POs/Apnmt of GDS in Rural Areas-LTC,Payment Side,Positive,Part I
3201036821,320102101050121,Opening of POs/Apnmt of GDS in Rural Areas-Mat. and Supplies,Payment Side,Positive,Part I
3201036924,320102101050124,Opening of POs/Apnmt of GDS in Rural Areas-Fuels and Lubrts,Payment Side,Positive,Part I
3201037028,320102101050128,Opening of POs/Apnmt of GDS in Rural Areas-PPSS,Payment Side,Positive,Part I
3201037139,320102101050139,Opening of POs/Apnmt of GDS in Rural Areas-Ban & Agy Charges,Payment Side,Positive,Part I
3201037240,320102101050140,Opening of POs/Apnmt of GDS in Rural Areas-Awards and Prizes,Payment Side,Positive,Part I
3201037349,320102101050149,Opening of POs/Apnmt of GDS in Rural Areas-ORE,Payment Side,Positive,Part I
3201037401,320102101060101,Opening of POs/Apnmt of GDS in Tribal Areas-Salaries,Payment Side,Positive,Part I
3201037505,320102101060105,Opening of POs/Apnmt of GDS in Tribal Areas-Rewards,Payment Side,Positive,Part I
3201037607,320102101060107,Opening of POs/Apnmt of GDS in Tribal Areas-Allowances,Payment Side,Positive,Part I
3201037708,320102101060108,Opening of POs/Apnmt of GDS in Tribal Areas-LTC,Payment Side,Positive,Part I
3201037821,320102101060121,Opening of POs/Apnmt of GDS in Tribal Areas-Mat.& Supplies,Payment Side,Positive,Part I
3201037924,320102101070124,Installation of Letter Boxes in Rural-Fuel and Lubricants,Payment Side,Positive,Part I
3201038039,320102101070139,Installation of Letter Boxes in Rural-Bank and Agy Charges,Payment Side,Positive,Part I
3201038140,320102101070140,Installation of Letter Boxes in Rural-Awards and Prizes,Payment Side,Positive,Part I
3201038249,320102101070149,Installation of Letter Boxes in Rural-ORE,Payment Side,Positive,Part I
3201038324,320102101070224,Panchayat Sanchar Sewa Khendra-Fuels and Lubricants,Payment Side,Positive,Part I
3201038449,320102101070249,Panchayat Sanchar Sewa Khendra-Other Revenue Expenditure,Payment Side,Positive,Part I
3201038501,320102101090101,Mass Mailing Services-Salaries,Payment Side,Positive,Part I
3201038602,320102101090102,Mass Mailing Services-Wages,Payment Side,Positive,Part I
3201038705,320102101090105,Mass Mailing Services-Rewards,Payment Side,Positive,Part I
3201038806,320102101090106,Mass Mailing Services-Medical Treatment,Payment Side,Positive,Part I
3201038907,320102101090107,Mass Mailing Services-Allowances,Payment Side,Positive,Part I
3201039008,320102101090108,Mass Mailing Services-LTC,Payment Side,Positive,Part I
3201039111,320102101090111,Mass Mailing Services-Domestic Travel Expenses,Payment Side,Positive,Part I
3201039213,320102101090113,Mass Mailing Services-Office Expenses,Payment Side,Positive,Part I
3201039314,320102101090114,Mass Mailing Services-RRT for Land and Buidlings,Payment Side,Positive,Part I
3201039416,320102101090116,Mass Mailing Services-Printing and Publication,Payment Side,Positive,Part I
3201039518,320102101090118,Mass Mailing Services-Rent for Others,Payment Side,Positive,Part I
3201039619,320102101090119,Mass Mailing Services-Digital Equipment,Payment Side,Positive,Part I
3201039721,320102101090121,Mass Mailing Services-Materials and Supplies,Payment Side,Positive,Part I
3201039824,320102101090124,Mass Mailing Services-Fuels and Lubricants,Payment Side,Positive,Part I
3201039926,320102101090126,Mass Mailing Services-Advertising and Publicity,Payment Side,Positive,Part I
3201040027,320102101090127,Mass Mailing Services-Minor Civil and Electrical Works,Payment Side,Positive,Part I
3201040128,320102101090128,Mass Mailing Services-Professional Services,Payment Side,Positive,Part I
3201040229,320102101090129,Mass Mailing Services-Repairs and Maintenance,Payment Side,Positive,Part I
3201040349,320102101090149,Mass Mailing Services-Other Revenue Expenditure,Payment Side,Positive,Part I
3201040464,320102101090164,Mass Mailing Services-Write off of losses,Payment Side,Positive,Part I
3201040501,320102101100101,Gramin Dak Sevaks-Salaries,Payment Side,Positive,Part I
3201040602,320102101100102,Gramin Dak Sevaks-Wages,Payment Side,Positive,Part I
3201040705,320102101100105,Gramin Dak Sevaks-Rewards,Payment Side,Positive,Part I
3201040806,320102101100106,Gramin Dak Sevaks-Medical Treatment,Payment Side,Positive,Part I
3201040907,320102101100107,Gramin Dak Sevaks-Allowances,Payment Side,Positive,Part I
3201041008,320102101100108,Gramin Dak Sevaks-LTC,Payment Side,Positive,Part I
3201041214,320102101100114,"Gramin Dak Sevaks-Rent,Rates & Taxes for Land and Buidlings",Payment Side,Positive,Part I
3201041321,320102101100121,Gramin Dak Sevaks-Materials and Supplies,Payment Side,Positive,Part I
3201041426,320102101100126,Gramin Dak Sevaks-Advertising and Publicity,Payment Side,Positive,Part I
3201041527,320102101100127,Gramin Dak Sevaks-Minor Civil and Electrical Works,Payment Side,Positive,Part I
3201041628,320102101100128,Gramin Dak Sevaks-Professinal Services,Payment Side,Positive,Part I
3201041764,320102101100164,Gramin Dak Sevaks-Write off of losses,Payment Side,Positive,Part I
3201041870,320102101140270,Service Charges on EPS-95 Pension EPFO-Deduct Recoveries,Receipt Side,Negative,Part I
3201041970,320102101140370,Collection of Customs Duty-Deduct Recoveries,Receipt Side,Negative,Part I
3201042070,320102101140470,Military Pension &Subsistance Allowance-Deduct Recoveries,Receipt Side,Negative,Part I
3201042170,320102101140570,Misc. Services-Deduct Recoveries,Receipt Side,Negative,Part I
3201042270,320102101140670,Com. Sale of Non Post Stamp Delhi Admin-Deduct Recoveries,Receipt Side,Negative,Part I
3201042370,320102101140770,Com. of Pension Allow War Injury Scheme-Deduct Recoveries,Receipt Side,Negative,Part I
3201042470,320102101140870,"Commission POS family Pensions EFPS, 1971-Deduct Recoveries",Receipt Side,Negative,Part I
3201042570,320102101140970,Com. Pay POS.family Pensions Coal Mines-Deduct Recoveries,Receipt Side,Negative,Part I
3201042670,320102101141070,Com. Pay Pension Railway Pensioner through PSB- Recoveries,Receipt Side,Negative,Part I
3201042770,320102101141170,Commission on A/c of Payment of PO PF-Deduct Recoveries,Receipt Side,Negative,Part I
3201042870,320102101141270,Com. on Pay Assam Rifles Ex-Servicemen-Deduct Recoveries,Receipt Side,Negative,Part I
3201042970,320102101141470,Com. for Pension payt of DOT/BSNL/MTNL-Deduct Recoveries,Receipt Side,Negative,Part I
3201043070,320102101141570,Commission realised for ABCL-Deduct Recoveries,Receipt Side,Negative,Part I
3201043170,320102101141670,Staff Incentive from Com. Retail Posts-Deduct Recoveries,Receipt Side,Negative,Part I
3201043270,320102101142070,Staff Incentive for CPI Rural Data Collection-Recoveries,Receipt Side,Negative,Part I
3201043370,320102101142270,Office Expenses recovered from UIDAI PROJECT- Recoveries,Receipt Side,Negative,Part I
3201043470,320102101142670,PLI remuneration-Deduct Recoveries,Receipt Side,Negative,Part I
3201043570,320102101142770,RPLI remuneration-Deduct Recoveries,Receipt Side,Negative,Part I
3201043670,320102101142970,JPP (Railways) Insurance Expenses-Deduct Recoveries,Receipt Side,Negative,Part I
3201043770,320102101143070,Logistic Post Insurance Charges-Deduct Recoveries,Receipt Side,Negative,Part I
3201043801,320102102010101,Mail Sorting-Salaries,Payment Side,Positive,Part I
3201043902,320102102010102,Mail Sorting-Wages,Payment Side,Positive,Part I
3201044005,320102102010105,Mail Sorting-Rewards,Payment Side,Positive,Part I
3201044106,320102102010106,Mail Sorting-Medical Treatment,Payment Side,Positive,Part I
3201044207,320102102010107,Mail Sorting-Allowances,Payment Side,Positive,Part I
1201013100,120100101230100,Deduct Rebate for RMFM,Payment Side,Negative,Part I
3201044308,320102102010108,Mail Sorting-LTC,Payment Side,Positive,Part I
3201044411,320102102010111,Mail Sorting-Domestic Travel Expenses,Payment Side,Positive,Part I
8671006200,867100102010000,BO New Account opening_Reversal at AO,Receipt Side,Positive,Part III
3201044512,320102102010112,Mail Sorting-Foreign Travel Expenses,Payment Side,Positive,Part I
8671006300,867100102010000,BO New Account opening_Reversal adjustment at AO,Payment Side,Positive,Part III
3201044714,320102102010114,"Mail Sorting-Rent,Rates & Taxes for Land and Buidlings",Payment Side,Positive,Part I
3201044816,320102102010116,Mail Sorting-Printing and Publication,Payment Side,Positive,Part I
3201044918,320102102010118,Mail Sorting-Rent for Others,Payment Side,Positive,Part I
3201045019,320102102010119,Mail Sorting-Digital Equipment,Payment Side,Positive,Part I
3201045121,320102102010121,Mail Sorting-Materials and Supplies,Payment Side,Positive,Part I
3201045224,320102102010124,Mail Sorting-Fuels and Lubricants,Payment Side,Positive,Part I
3201086411,320104102010211,Human Resource Management (scheme)-Domestic Travel Expenses,Payment Side,Positive,Part I
3201086512,320104102010212,Human Resource Management (scheme)-Foreign Travel Expenses,Payment Side,Positive,Part I
3201045326,320102102010126,Mail Sorting-Advertising and Publicity,Payment Side,Positive,Part I
3201045427,320102102010127,Mail Sorting-Minor Civil and Electrical Works,Payment Side,Positive,Part I
3201045528,320102102010128,Mail Sorting-Professional Services,Payment Side,Positive,Part I
3201045629,320102102010129,Mail Sorting-Repairs and Maintenance,Payment Side,Positive,Part I
3201045749,320102102010149,Mail Sorting-Other Revenue Expenditure,Payment Side,Positive,Part I
3201045864,320102102010164,Mail Sorting-Write off of losses,Payment Side,Positive,Part I
3201045913,320102102010213,Plastic Seals/Labels Security of closed bags-Office Expenses,Payment Side,Positive,Part I
3201046016,320102102010216,Plastic Seals/Labels Security of closed bags-P & P,Payment Side,Positive,Part I
3201046118,320102102010218,Plastic Seals/Labels Security of closed bags-Rent for Others,Payment Side,Positive,Part I
3201046219,320102102010219,Plastic Seal/Label Security of closed bags-Digital Equipment,Payment Side,Positive,Part I
3201046301,320102102020101,GDS Mailman-Salaries,Payment Side,Positive,Part I
3201046402,320102102020102,GDS Mailman-Wages,Payment Side,Positive,Part I
3201046505,320102102020105,GDS Mailman-Rewards,Payment Side,Positive,Part I
3201046606,320102102020106,GDS Mailman-Medical Treatment,Payment Side,Positive,Part I
8446024500,844600101360000,Surcharge (CD) for Intl Mail_Receipts,Receipt Side,Positive,Part III
3201046707,320102102020107,GDS Mailman-Allowances,Payment Side,Positive,Part I
3201046913,320102102020113,GDS Mailman-Office Expenses,Payment Side,Positive,Part I
3201047014,320102102020114,"GDS Mailman-Rent,Rates & Taxes for Land and Buidlings",Payment Side,Positive,Part I
3201047121,320102102020121,GDS Mailman-Materials and Supplies,Payment Side,Positive,Part I
3201047226,320102102020126,GDS Mailman-Advertising & Publicity,Payment Side,Positive,Part I
3201047328,320102102020128,GDS Mailman-Professional Services,Payment Side,Positive,Part I
3201047464,320102102020164,GDS Mailman-write off of losses,Payment Side,Positive,Part I
3201047528,320102103010128,Rail-Ordinary Services-Professional Services,Payment Side,Positive,Part I
3201047628,320102103010228,Rail-Premium Product Services-Professional Services,Payment Side,Positive,Part I
3201047728,320102103020128,AIR-Ordinary Services-Professional Services,Payment Side,Positive,Part I
3201047828,320102103020228,AIR-Premium Product Services-Professional Services,Payment Side,Positive,Part I
3201047928,320102103030128,ROAD-Ordinary Services-Professional Services,Payment Side,Positive,Part I
3201048028,320102103030228,ROAD-Premium Product Services-Professional Services,Payment Side,Positive,Part I
3201048101,320102103040101,DMMS for Ordinary Services-Salaries,Payment Side,Positive,Part I
3201048202,320102103040102,DMMS for Ordinary Services-Wages,Payment Side,Positive,Part I
3201048305,320102103040105,DMMS for Ordinary Services-Rewards,Payment Side,Positive,Part I
3201048406,320102103040106,DMMS for Ordinary Services-Medical Treatment,Payment Side,Positive,Part I
3201048507,320102103040107,DMMS for Ordinary Services-Allowances,Payment Side,Positive,Part I
3201048608,320102103040108,DMMS for Ordinary Services-LTC,Payment Side,Positive,Part I
3201048711,320102103040111,DMMS for Ordinary Services-Domestic Travel Expenses,Payment Side,Positive,Part I
3201048813,320102103040113,DMMS for Ordinary Services-Office Expenses,Payment Side,Positive,Part I
3201048914,320102103040114,DMMS for Ordinary Services-RRT for Land and Buidlings,Payment Side,Positive,Part I
3201049024,320102103040124,DMMS for Ordinary Services-Fuels and Lubricants,Payment Side,Positive,Part I
3201049126,320102103040126,DMMS for Ordinary Services-Advertising and Publicity,Payment Side,Positive,Part I
3201049227,320102103040127,DMMS for Ordinary Services-Minor Civil and Electrical Works,Payment Side,Positive,Part I
3201086628,320104102010228,Human Resource Management (scheme)-Professional Services,Payment Side,Positive,Part I
3201086701,320104102020101,Circle Postal Account office-Salaries,Payment Side,Positive,Part I
3201049328,320102103040128,DMMS for Ordinary Services-Professional Services,Payment Side,Positive,Part I
3201054124,320102103070124,Logistic Post-Fuels and Lubricants,Payment Side,Positive,Part I
3201049449,320102103040149,DMMS for Ordinary Services-Other Revenue Expenditure,Payment Side,Positive,Part I
3201049564,320102103040164,DMMS for Ordinary Services-Write off of losses,Payment Side,Positive,Part I
3201049601,320102103050101,DMMS for Premium Services-Salaries,Payment Side,Positive,Part I
3201049702,320102103050102,DMMS for Premium Services-Wages,Payment Side,Positive,Part I
3201049805,320102103050105,DMMS for Premium Services-Rewards,Payment Side,Positive,Part I
3201049906,320102103050106,DMMS for Premium Services-Medical Treatment,Payment Side,Positive,Part I
3201050007,320102103050107,DMMS for Premium Services-Allowances,Payment Side,Positive,Part I
3201050108,320102103050108,DMMS for Premium Services-LTC,Payment Side,Positive,Part I
3201050211,320102103050111,DMMS for Premium Services-Domestic Travel Expenses,Payment Side,Positive,Part I
3201050313,320102103050113,DMMS for Premium Services-Office Expenses,Payment Side,Positive,Part I
3201050414,320102103050114,DMMS for Premium Services-RRT for Land and Buidlings,Payment Side,Positive,Part I
3201050521,320102103050121,DMMS for Premium Services-Materials and Supplies,Payment Side,Positive,Part I
3201050624,320102103050124,DMMS for Premium Services-Fuels and Lubricants,Payment Side,Positive,Part I
3201050726,320102103050126,DMMS for Premium Services-Advertising and Publicity,Payment Side,Positive,Part I
3201050827,320102103050127,DMMS for Premium Services-Minor Civil and Electrical Works,Payment Side,Positive,Part I
3201050928,320102103050128,DMMS for Premium Services-Professional Services,Payment Side,Positive,Part I
3201051064,320102103050164,DMMS for Premium Services-Write off of losses,Payment Side,Positive,Part I
3201051101,320102103060101,Other Conveyance of Mails-Salaries,Payment Side,Positive,Part I
3201051202,320102103060102,Other Conveyance of Mails-Wages,Payment Side,Positive,Part I
3201051305,320102103060105,Other Conveyance of Mails-Rewards,Payment Side,Positive,Part I
3201051406,320102103060106,Other Conveyance of Mails-Medical Treatment,Payment Side,Positive,Part I
3201051507,320102103060107,Other Conveyance of Mails-Allowances,Payment Side,Positive,Part I
3201051608,320102103060108,Other Conveyance of Mails-LTC,Payment Side,Positive,Part I
3201051711,320102103060111,Other Conveyance of Mails-Domestic Travel Expenses,Payment Side,Positive,Part I
3201051813,320102103060113,Other Conveyance of Mails-Office Expenses,Payment Side,Positive,Part I
3201051914,320102103060114,Other Conveyance of Mails-RRT for Land and Buidlings,Payment Side,Positive,Part I
3201052016,320102103060116,Other Conveyance of Mails-Printing and Publication,Payment Side,Positive,Part I
3201052118,320102103060118,Other Conveyance of Mails-Rent for Others,Payment Side,Positive,Part I
3201052219,320102103060119,Other Conveyance of Mails-Digital Equipment,Payment Side,Positive,Part I
3201052321,320102103060121,Other Conveyance of Mails-Materials ans Supplies,Payment Side,Positive,Part I
3201052424,320102103060124,Other Conveyance of Mails-Fuels and Lubricants,Payment Side,Positive,Part I
3201052526,320102103060126,Other Conveyance of Mails-Advertising and Publicity,Payment Side,Positive,Part I
3201052627,320102103060127,Other Conveyance of Mails-Minor Civil and Electrical Works,Payment Side,Positive,Part I
3201052728,320102103060128,Other Conveyance of Mails-Professional Services,Payment Side,Positive,Part I
3201052829,320102103060129,Other Conveyance of Mails-Repairs and Maintenance,Payment Side,Positive,Part I
3201052949,320102103060149,Other Conveyance of Mails-Other Revenue Expenditure,Payment Side,Positive,Part I
3201086802,320104102020102,Circle Postal Account office-Wages,Payment Side,Positive,Part I
3201086905,320104102020105,Circle Postal Account office-Rewards,Payment Side,Positive,Part I
3201087006,320104102020106,Circle Postal Account office-Medical Treatment,Payment Side,Positive,Part I
3201087107,320104102020107,Circle Postal Account office-Allowances,Payment Side,Positive,Part I
3201087208,320104102020108,Circle Postal Account office-LTC,Payment Side,Positive,Part I
3201087311,320104102020111,Circle Postal Account office-Domestic Travel Expenses,Payment Side,Positive,Part I
3201087412,320104102020112,Circle Postal Account office-Foreign Travel Expenses,Payment Side,Positive,Part I
3201087513,320104102020113,Circle Postal Account office-Office Expenses,Payment Side,Positive,Part I
3201087614,320104102020114,Circle Postal Account office-RRT,Payment Side,Positive,Part I
3201087716,320104102020116,Circle Postal Account office-Printing and Publication,Payment Side,Positive,Part I
3201087818,320104102020118,Circle Postal Account office-Rent for Others,Payment Side,Positive,Part I
3201053064,320102103060164,Other Conveyance of Mails-Wrie off of losses,Payment Side,Positive,Part I
3201053202,320102103070102,Logistic Post-Wages,Payment Side,Positive,Part I
3201053305,320102103070105,Logistic Post-Rewards,Payment Side,Positive,Part I
3201053406,320102103070106,Logistic Post-Medical Treatment,Payment Side,Positive,Part I
3201053507,320102103070107,Logistic Post-Allowances,Payment Side,Positive,Part I
3201053608,320102103070108,Logistic Post-LTC,Payment Side,Positive,Part I
3201053711,320102103070111,Logistic Post-Domestic Travel Expenses,Payment Side,Positive,Part I
3201053813,320102103070113,Logistic Post-Office Expenses,Payment Side,Positive,Part I
3201053914,320102103070114,"Logistic Post-Rent,Rates & Taxes for Land and Buidlings",Payment Side,Positive,Part I
3201054021,320102103070121,Logistic Post-Materials and Supplies,Payment Side,Positive,Part I
3201054226,320102103070126,Logistic Post-Advertising and Publicity,Payment Side,Positive,Part I
3201054327,320102103070127,Logistic Post-Minor Civil and Electrical Works,Payment Side,Positive,Part I
3201054428,320102103070128,Logistic Post-Professional Services,Payment Side,Positive,Part I
3201054564,320102103070164,Logistic Post-Wrie off of losses,Payment Side,Positive,Part I
3201054627,320102104010027,Research & Development-Minor Civil and Electrical Works,Payment Side,Positive,Part I
3201054729,320102104010029,Research & Development-Repair and Maintenance,Payment Side,Positive,Part I
3201054801,320102104010101,Establishment of Research & Development-Salaries,Payment Side,Positive,Part I
3201054902,320102104010102,Establishment of Research & Development-Wages,Payment Side,Positive,Part I
3201055005,320102104010105,Establishment of Research & Development-Rewards,Payment Side,Positive,Part I
3201055106,320102104010106,Establishment of Research & Development-Medical Treatment,Payment Side,Positive,Part I
3201055207,320102104010107,Establishment of Research & Development-Allowances,Payment Side,Positive,Part I
3201055308,320102104010108,Establishment of Research & Development-LTC,Payment Side,Positive,Part I
3201055411,320102104010111,Establishment of R & D-DTE,Payment Side,Positive,Part I
3201055513,320102104010113,Establishment of Research & Development-Office Expenses,Payment Side,Positive,Part I
3201055614,320102104010114,Establishment of R & D-RRT for Land and Buildings,Payment Side,Positive,Part I
3201055716,320102104010116,Establishment of R & D-Printing and Publication,Payment Side,Positive,Part I
3201055818,320102104010118,Establishment of Research & Development-Rent for Others,Payment Side,Positive,Part I
3201055919,320102104010119,Establishment of Research & Development-Digital Equipment,Payment Side,Positive,Part I
3201056021,320102104010121,Establishment of R & D-Materials and Supplies,Payment Side,Positive,Part I
3201056124,320102104010124,Establishment of Research & Development-Fuels and Lubricants,Payment Side,Positive,Part I
3201056226,320102104010126,Establishment of R & D-Advertising and Publicity,Payment Side,Positive,Part I
3201056327,320102104010127,Establishment of R & D-Minor Civil and Electrical Works,Payment Side,Positive,Part I
3201056428,320102104010128,Establishment of R & D-professional Services,Payment Side,Positive,Part I
3201056529,320102104010129,Establishment of R & D-Repair and Maintenance,Payment Side,Positive,Part I
3201056649,320102104010149,Establishment of R & D-ORE,Payment Side,Positive,Part I
3201056701,320102104020101,Regional Workshops-Salaries,Payment Side,Positive,Part I
3201056802,320102104020102,Regional Workshops-Wages,Payment Side,Positive,Part I
3201056905,320102104020105,Regional Workshops-Rewards,Payment Side,Positive,Part I
3201057006,320102104020106,Regional Workshops-Medical Treatment,Payment Side,Positive,Part I
3201057107,320102104020107,Regional Workshops-Allowances,Payment Side,Positive,Part I
3201057208,320102104020108,Regional Workshops-LTC,Payment Side,Positive,Part I
3201057311,320102104020111,Regional Workshops-Domestic Travel Expenses,Payment Side,Positive,Part I
3201057413,320102104020113,Regional Workshops-Office Expenses,Payment Side,Positive,Part I
3201057514,320102104020114,"Regional Workshops-Rent,Rates & Taxes for Land and Buidlings",Payment Side,Positive,Part I
3201057621,320102104020121,Regional Workshops-Materials and Supplies,Payment Side,Positive,Part I
3201057727,320102104020127,Regional Workshops-Minor civil and Electrical Works,Payment Side,Positive,Part I
3201057811,320102104050111,Mechanisation and Modernisation-Other items-DTE,Payment Side,Positive,Part I
3201057913,320102104050113,Mechanisation and Modernisation-Other items-Office Expenses,Payment Side,Positive,Part I
3201058027,320102104050127,Mechanisation & Modernisation-Other items-Minor C & E Works,Payment Side,Positive,Part I
3201058128,320102104050128,Mechanisation and Modernisation-Other items-PPSS,Payment Side,Positive,Part I
3201058227,320102104060127,Mechanisation & Modernisation-QSF-Minor C & E Works,Payment Side,Positive,Part I
3201058328,320102104060128,Mechanisation and Modernisation-Quality Service Fund-PPSS,Payment Side,Positive,Part I
3201058419,320102104080019,Mechanisation and Modernisation-Annual Maintenance-PPSS,Payment Side,Positive,Part I
3201058511,320102104090011,PMU-Domestic Travel Expenses,Payment Side,Positive,Part I
3201058612,320102104090012,PMU-Foreign Travel Expenses,Payment Side,Positive,Part I
3201058713,320102104090013,PMU-Office Expenses,Payment Side,Positive,Part I
3201058819,320102104090019,PMU-Digital Equipment,Payment Side,Positive,Part I
3201058928,320102104090028,PMU-Professional Services,Payment Side,Positive,Part I
3201059070,320102911010070,Operation-Deduct-Recoveries of Overpayments of Previous FYs,Receipt Side,Negative,Part I
3201059101,320103101010101,SBCO-Salaries,Payment Side,Positive,Part I
3201059202,320103101010102,SBCO-Wages,Payment Side,Positive,Part I
3201059305,320103101010105,SBCO-Rewards,Payment Side,Positive,Part I
3201059406,320103101010106,SBCO-Medical Treatment,Payment Side,Positive,Part I
3201059507,320103101010107,SBCO-Allowances,Payment Side,Positive,Part I
3201059608,320103101010108,SBCO-LTC,Payment Side,Positive,Part I
3201059711,320103101010111,SBCO-Domestic Travel Expenses,Payment Side,Positive,Part I
3201059813,320103101010113,SBCO-Office Expenses,Payment Side,Positive,Part I
3201059914,320103101010114,"SBCO-Rent,Rates & Taxes for Land and Buildings",Payment Side,Positive,Part I
3201060016,320103101010116,SBCO-Printing and Publication,Payment Side,Positive,Part I
3201060219,320103101010119,SBCO-Digital Equipment,Payment Side,Positive,Part I
3201060321,320103101010121,SBCO-Materials and Supplies,Payment Side,Positive,Part I
3201060424,320103101010124,SBCO-Fuels and Lubricants,Payment Side,Positive,Part I
3201060526,320103101010126,SBCO-Advertising and Publicity,Payment Side,Positive,Part I
3201060627,320103101010127,SBCO-Minor Civil and Electrical Works,Payment Side,Positive,Part I
3201060728,320103101010128,SBCO-Professional Services,Payment Side,Positive,Part I
3201060829,320103101010129,SBCO-Repair and Maintenance,Payment Side,Positive,Part I
3201060949,320103101010149,SBCO-Other Revenue Expenditure,Payment Side,Positive,Part I
3201061064,320103101010164,SBCO-Write off of losses,Payment Side,Positive,Part I
3201061101,320103101020101,SB(ICO)-Salaries,Payment Side,Positive,Part I
3201061202,320103101020102,SB(ICO)-Wages,Payment Side,Positive,Part I
3201061305,320103101020105,SB(ICO)-Rewards,Payment Side,Positive,Part I
3201061406,320103101020106,SB(ICO)-Medical Treatment,Payment Side,Positive,Part I
3201065913,320103101040113,SB Pairing Work-Office Expenses,Payment Side,Positive,Part I
3201066014,320103101040114,"SB Pairing Work-Rent,Rates & Taxes for Land and Buildings",Payment Side,Positive,Part I
3201066116,320103101040116,"SB Pairing Work-Rent,Printing and Publication",Payment Side,Positive,Part I
3201066218,320103101040118,SB Pairing Work-Rent for Others,Payment Side,Positive,Part I
3201066319,320103101040119,SB Pairing Work-Digital Equipment,Payment Side,Positive,Part I
3201066421,320103101040121,SB Pairing Work-Materials and Supplies,Payment Side,Positive,Part I
3201066526,320103101040126,SB Pairing Work-Advertising and Publicity,Payment Side,Positive,Part I
3201066627,320103101040127,SB Pairing Work-Minor Civil and Electrical Works,Payment Side,Positive,Part I
3201066728,320103101040128,SB Pairing Work-Professional Services,Payment Side,Positive,Part I
3201066864,320103101040164,SB Pairing Work-Write off of losses,Payment Side,Positive,Part I
3201066901,320103101050101,Refresher Course for SB/SC staff-Salaries,Payment Side,Positive,Part I
3201067002,320103101050102,Refresher Course for SB/SC staff-Wages,Payment Side,Positive,Part I
3201067105,320103101050105,Refresher Course for SB/SC staff-Rewards,Payment Side,Positive,Part I
3201067206,320103101050106,Refresher Course for SB/SC staff-Medical Treatment,Payment Side,Positive,Part I
3201067307,320103101050107,Refresher Course for SB/SC staff-Allowances,Payment Side,Positive,Part I
3201067408,320103101050108,Refresher Course for SB/SC staff-LTC,Payment Side,Positive,Part I
3201067511,320103101050111,Refresher Course for SB/SC staff-Domestic Travel Expenses,Payment Side,Positive,Part I
3201067613,320103101050113,Refresher Course for SB/SC staff-Office Expenses,Payment Side,Positive,Part I
3201067714,320103101050114,Refresher Course for SB/SC staff-RRT for Land and Buildings,Payment Side,Positive,Part I
3201067816,320103101050116,Refresher Course for SB/SC staff-Printing and Publication,Payment Side,Positive,Part I
3201067918,320103101050118,Refresher Course for SB/SC staff-Rent for Others,Payment Side,Positive,Part I
3201068019,320103101050119,Refresher Course for SB/SC staff-Digital Equipment,Payment Side,Positive,Part I
3201068121,320103101050121,Refresher Course for SB/SC staff-Materials and Supplies,Payment Side,Positive,Part I
3201068226,320103101050126,Refresher Course for SB/SC staff-Advertising and Publicity,Payment Side,Positive,Part I
3201068327,320103101050127,Refresher Course for SB/SC staff-Minor C & E Works,Payment Side,Positive,Part I
3201068428,320103101050128,Refresher Course for SB/SC staff-Professional Services,Payment Side,Positive,Part I
3201068564,320103101050164,Refresher Course for SB/SC staff-Write off of losses,Payment Side,Positive,Part I
3201068640,320103101060340,Payment to Clearing House-Awards and Prizes,Payment Side,Positive,Part I
3201068749,320103101060349,Payment to Clearing House-Other Revenue Expenditure,Payment Side,Positive,Part I
3201068840,320103101060440,SB Allowance to PAs Working in SB Branches-Awards and Prizes,Payment Side,Positive,Part I
3201068949,320103101060449,SB Allowance to PAs Working in SB Branches-ORE,Payment Side,Positive,Part I
3201069028,320103101060528,Institutional Expenses-Professional Services,Payment Side,Positive,Part I
3201069101,320103101070101,PLI Directorate-Salaries,Payment Side,Positive,Part I
3201069202,320103101070102,PLI Directorate-Wages,Payment Side,Positive,Part I
3201069305,320103101070105,PLI Directorate-Rewards,Payment Side,Positive,Part I
3201069406,320103101070106,PLI Directorate-Medical Treatment,Payment Side,Positive,Part I
3201069507,320103101070107,PLI Directorate-Allowances,Payment Side,Positive,Part I
3201069608,320103101070108,PLI Directorate-LTC,Payment Side,Positive,Part I
3201069711,320103101070111,PLI Directorate-Domestic Travel Expenses,Payment Side,Positive,Part I
3201069813,320103101070113,PLI Directorate-Office Expenses,Payment Side,Positive,Part I
3201069914,320103101070114,"PLI Directorate-Rent,Rates & Taxes for Land and Buildings",Payment Side,Positive,Part I
3201070016,320103101070116,PLI Directorate-Printing and Publication,Payment Side,Positive,Part I
3201070118,320103101070118,PLI Directorate-Rent for Others,Payment Side,Positive,Part I
3201070219,320103101070119,PLI Directorate-Digital Equipment,Payment Side,Positive,Part I
3201070321,320103101070121,PLI Directorate-Materials and Supplies,Payment Side,Positive,Part I
3201070426,320103101070126,PLI Directorate-Advertising and Publicity,Payment Side,Positive,Part I
3201070527,320103101070127,PLI Directorate-Minor Civil and Electrical Works,Payment Side,Positive,Part I
3201070628,320103101070128,PLI Directorate-Professional Services,Payment Side,Positive,Part I
3201070729,320103101070129,PLI Directorate-Repair and Maintenance,Payment Side,Positive,Part I
3201070840,320103101070140,PLI Directorate-Awards and Prizes,Payment Side,Positive,Part I
3201070949,320103101070149,PLI Directorate-Other Revenue Expenditure,Payment Side,Positive,Part I
3201071064,320103101070164,PLI Directorate-Write off of losses,Payment Side,Positive,Part I
3201071126,320103101070226,Publicity of lnsurance Product (Scheme)-A & P,Payment Side,Positive,Part I
3201071228,320103101070228,Publicity of lnsurance Product(Scheme)-Professional Services,Payment Side,Positive,Part I
3201071301,320103101080101,PLI Branch Circle office-Salaries,Payment Side,Positive,Part I
3201071402,320103101080102,PLI Branch Circle office-Wages,Payment Side,Positive,Part I
3201071505,320103101080105,PLI Branch Circle office-Rewards,Payment Side,Positive,Part I
3201071606,320103101080106,PLI Branch Circle office-Medical Treatment,Payment Side,Positive,Part I
3201071707,320103101080107,PLI Branch Circle office-Allowances,Payment Side,Positive,Part I
3201071808,320103101080108,PLI Branch Circle office-LTC,Payment Side,Positive,Part I
3201071911,320103101080111,PLI Branch Circle office-Domestic Travel Expenses,Payment Side,Positive,Part I
3201072013,320103101080113,PLI Branch Circle office-Office Expenses,Payment Side,Positive,Part I
3201072114,320103101080114,PLI Branch Circle office-RRT for Land and Buildings,Payment Side,Positive,Part I
3201072216,320103101080116,PLI Branch Circle office-Printing and Publication,Payment Side,Positive,Part I
3201072318,320103101080118,PLI Branch Circle office-Rent for Others,Payment Side,Positive,Part I
3201072419,320103101080119,PLI Branch Circle office-Digital Equipment,Payment Side,Positive,Part I
3201072521,320103101080121,PLI Branch Circle office-Materials and Supplies,Payment Side,Positive,Part I
3201072626,320103101080126,PLI Branch Circle office-Advertising and Publicity,Payment Side,Positive,Part I
3201072727,320103101080127,PLI Branch Circle office-Minor Civil and Electrical Works,Payment Side,Positive,Part I
3201072828,320103101080128,PLI Branch Circle office-Professional Services,Payment Side,Positive,Part I
3201072929,320103101080129,PLI Branch Circle Office-Repair and Maintenance,Payment Side,Positive,Part I
3201073040,320103101080140,PLI Branch Circle Office-Awards and Prizes,Payment Side,Positive,Part I
3201073149,320103101080149,PLI Branch Circle Office-Other Revenue Expenditure,Payment Side,Positive,Part I
3201074511,320103101090111,Rural PLI-Domestic Travel Expenses,Payment Side,Positive,Part I
3201074613,320103101090113,Rural PLI-Office Expenses,Payment Side,Positive,Part I
3201074714,320103101090114,"Rural PLI-Rent,Rates & Taxes for Land and Buildings",Payment Side,Positive,Part I
3201074816,320103101090116,Rural PLI-Printing and Publication,Payment Side,Positive,Part I
3201074918,320103101090118,Rural PLI-Rent for Others,Payment Side,Positive,Part I
3201075019,320103101090119,Rural PLI-Digital Equipment,Payment Side,Positive,Part I
3201075121,320103101090121,Rural PLI-Materials and Supplies,Payment Side,Positive,Part I
3201075224,320103101090124,Rural PLI-Fuels and Lubricants,Payment Side,Positive,Part I
3201075326,320103101090126,Rural PLI-Advertising and Publicity,Payment Side,Positive,Part I
3201075427,320103101090127,Rural PLI-Minor Civil and Electrical Works,Payment Side,Positive,Part I
3201075528,320103101090128,Rural PLI-Professional Services,Payment Side,Positive,Part I
3201075629,320103101090129,Rural PLI-Repair and Maintenance,Payment Side,Positive,Part I
3201075739,320103101090139,Rural PLI-Bank and Agency Charges,Payment Side,Positive,Part I
3201075840,320103101090140,Rural PLI-Awards and Prizes,Payment Side,Positive,Part I
3201075949,320103101090149,Rural PLI-Other Revenue Expenditure,Payment Side,Positive,Part I
3201076064,320103101090164,Rural PLI-Write off of losses,Payment Side,Positive,Part I
3201076101,320103101100101,Director PLI Calcutta-Salaries,Payment Side,Positive,Part I
3201076202,320103101100102,Director PLI Calcutta-Wages,Payment Side,Positive,Part I
3201076305,320103101100105,Director PLI Calcutta-Rewards,Payment Side,Positive,Part I
3201076406,320103101100106,Director PLI Calcutta-Medical Treatment,Payment Side,Positive,Part I
3201076507,320103101100107,Director PLI Calcutta-Allowances,Payment Side,Positive,Part I
3201076608,320103101100108,Director PLI Calcutta-LTC,Payment Side,Positive,Part I
3201076711,320103101100111,Director PLI Calcutta-Domestic Travel Expenses,Payment Side,Positive,Part I
3201076813,320103101100113,Director PLI Calcutta-Office Expenses,Payment Side,Positive,Part I
3201076914,320103101100114,Director PLI Calcutta-RRT for Land and Buildings,Payment Side,Positive,Part I
3201077016,320103101100116,Director PLI Calcutta-Printing and Publication,Payment Side,Positive,Part I
3201077118,320103101100118,Director PLI Calcutta-Rent for Others,Payment Side,Positive,Part I
3201077219,320103101100119,Director PLI Calcutta-Digital Equipment,Payment Side,Positive,Part I
3201077321,320103101100121,Director PLI Calcutta-Materials and Supplies,Payment Side,Positive,Part I
3201077424,320103101100124,Director PLI Calcutta-Fuels and Lubricants,Payment Side,Positive,Part I
3201077526,320103101100126,Director PLI Calcutta-Advertising and Publicity,Payment Side,Positive,Part I
3201077627,320103101100127,Director PLI Calcutta-Minor Civil and Electrical Works,Payment Side,Positive,Part I
3201077728,320103101100128,Director PLI Calcutta-Professional Services,Payment Side,Positive,Part I
3201077839,320103101100139,Director PLI Calcutta-Bank and Agency Charges,Payment Side,Positive,Part I
3201077940,320103101100140,Director PLI Calcutta-Awards and Prizes,Payment Side,Positive,Part I
3201078049,320103101100149,Director PLI Calcutta-Other Revenue Expenditure,Payment Side,Positive,Part I
3201078164,320103101100164,Director PLI Calcutta-Write off of losses,Payment Side,Positive,Part I
3201078270,320103101100270,Management of Postal Insurance-Deduct Recoveries,Receipt Side,Negative,Part I
3201078370,320103101100370,Managenment RPLI-Flat rate recovery-Deduct Recoveries,Receipt Side,Negative,Part I
3201078401,320103101110101,PLI Investment Board-Salaries,Payment Side,Positive,Part I
3201078502,320103101110102,PLI Investment Board-Wages,Payment Side,Positive,Part I
3201078605,320103101110105,PLI Investment Board-Rewards,Payment Side,Positive,Part I
3201078706,320103101110106,PLI Investment Board-Medical Treatment,Payment Side,Positive,Part I
3201078807,320103101110107,PLI Investment Board-Allowances,Payment Side,Positive,Part I
3201078908,320103101110108,PLI Investment Board-LTC,Payment Side,Positive,Part I
3201079011,320103101110111,PLI Investment Board-Domestic Travel Expenses,Payment Side,Positive,Part I
3201079113,320103101110113,PLI Investment Board-Office Expenses,Payment Side,Positive,Part I
3201079214,320103101110114,PLI Investment Board-RRT for Land and Buildings,Payment Side,Positive,Part I
3201079316,320103101110116,PLI Investment Board-Printing and Publication,Payment Side,Positive,Part I
3201079418,320103101110118,PLI Investment Board-Rent for Others,Payment Side,Positive,Part I
3201079519,320103101110119,PLI Investment Board-Digital Equipment,Payment Side,Positive,Part I
3201079621,320103101110121,PLI Investment Board-Materials and Supplies,Payment Side,Positive,Part I
3201079724,320103101110124,PLI Investment Board-Fuels and Lubricants,Payment Side,Positive,Part I
3201079826,320103101110126,PLI Investment Board-Advertising and Publicity,Payment Side,Positive,Part I
3201079927,320103101110127,PLI Investment Board-Minor Civil and Electrical Works,Payment Side,Positive,Part I
3201080028,320103101110128,PLI Investment Board-Professional Services,Payment Side,Positive,Part I
3201080139,320103101110139,PLI Investment Board-Bank and Agency Services,Payment Side,Positive,Part I
3201080240,320103101110140,PLI Investment Board-Awards and Prizes,Payment Side,Positive,Part I
3201080349,320103101110149,PLI Investment Board-Other Revenue Expenditure,Payment Side,Positive,Part I
3201080464,320103101110164,PLI Investment Board-Write off of losses,Payment Side,Positive,Part I
3201080528,320103101110228,Commission to SBI Fund Manager/PLI Invest Board-PPSS,Payment Side,Positive,Part I
3201080628,320103101110328,Commission to UTI Fund Manager/PLI Invest Board-PPSS,Payment Side,Positive,Part I
3201080728,320103101110428,Com. to Stock Holdg Corp./PLI Invest Board-PPSS,Payment Side,Positive,Part I
3201080828,320103101130128,Interchange fee account for ATM,Payment Side,Positive,Part I
3201080928,320103101130228,GST on interchange fee for ATM,Payment Side,Positive,Part I
3201081028,320103101130328,Interchange fee for POS,Payment Side,Positive,Part I
3201081128,320103101130428,GST on interchange fee for POS,Payment Side,Positive,Part I
3201081228,320103101130528,Interchange fee account for RICT,Payment Side,Positive,Part I
3201081328,320103101130628,GST on interchange fee for RICT,Payment Side,Positive,Part I
3201081428,320103101130728,Switching fee for ATM,Payment Side,Positive,Part I
3201081528,320103101130828,GST on switching fee for ATM,Payment Side,Positive,Part I
3201081628,320103101130928,Switching fee for POS,Payment Side,Positive,Part I
3201081728,320103101131028,GST on switching fee for POS,Payment Side,Positive,Part I
3201081828,320103101131128,Switching fee for RICT,Payment Side,Positive,Part I
3201081928,320103101131228,GST on switching fee for RICT,Payment Side,Positive,Part I
3201082128,320103101140028,Commission payable to NBFC/NSC Agents Sovereign-PPSS,Payment Side,Positive,Part I
3201082201,320103101150101,MGNREG ACT Workers-Salaries,Payment Side,Positive,Part I
3201082302,320103101150102,MGNREG ACT Workers-Wages,Payment Side,Positive,Part I
3201082406,320103101150106,MGNREG ACT Workers-Medical Treatment,Payment Side,Positive,Part I
3201082511,320103101150111,MGNREG ACT Workers-Domestic Travel Expenses,Payment Side,Positive,Part I
3201082613,320103101150113,MGNREG ACT Workers-Office Expenses,Payment Side,Positive,Part I
3201082716,320103101150116,MGNREG ACT Workers-Printing and Publication,Payment Side,Positive,Part I
3201082824,320103101150124,MGNREG ACT Workers-Fuels and Lubricants,Payment Side,Positive,Part I
3201082928,320103101150128,MGNREG ACT Workers-Professional Services,Payment Side,Positive,Part I
3201083039,320103101150139,MGNREG ACT Workers-Bank and Agency Charges,Payment Side,Positive,Part I
3201083140,320103101150140,MGNREG ACT Workers-Awards and Prizes,Payment Side,Positive,Part I
3201083249,320103101150149,MGNREG ACT Workers-Other Revenue Expenditure,Payment Side,Positive,Part I
3201083370,320103911010070,Agency Services-Recoveries of Overpayments of Previous FYs,Receipt Side,Negative,Part I
3201083401,320104101010001,Cost of Pay & Allowance of Audit Staff-Salaries,Payment Side,Positive,Part I
3201083505,320104101010005,Cost of Pay & Allowance of Audit Staff-Rewards,Payment Side,Positive,Part I
3201083607,320104101010007,Cost of Pay & Allowance of Audit Staff-Allowances,Payment Side,Positive,Part I
3201083708,320104101010008,Cost of Pay & Allowance of Audit Staff-LTC,Payment Side,Positive,Part I
3201083863,320104101030063,Cost of Pay & Allowance of Audit Staff-Govt. Adjustments,Payment Side,Positive,Part I
3201083963,320104101040063,IA Transfer -Deduct transfer MH-3451 Govt. Adjustments,Payment Side,Positive,Part I
3201084001,320104102010101,Directorate (PA Wing)-Salaries,Payment Side,Positive,Part I
3201084102,320104102010102,Directorate (PA Wing)-Wages,Payment Side,Positive,Part I
3201084205,320104102010105,Directorate (PA Wing)-Rewards,Payment Side,Positive,Part I
3201084306,320104102010106,Directorate (PA Wing)-Medical Treatment,Payment Side,Positive,Part I
3201136964,320103101030164,Reversal of Small Savings Work-Write off of losses,Receipt Side,Negative,Part I
3201137028,320103101130128,Reversal of Interchange fee account for ATM,Receipt Side,Negative,Part I
3201137128,320103101130728,Reversal of Switching fee for ATM,Receipt Side,Negative,Part I
3201137228,320103101130828,Reversal of GST on switching fee for ATM,Receipt Side,Negative,Part I
3201137328,320103101131328,Reversal of NFS Penalty Expense,Receipt Side,Negative,Part I
3201142218,320102103010118,Rail_Ordinary Services-Rent for Others,Payment Side,Positive,Part I
3201142318,320102103020118,Air-Ordinary services-Rent for Others,Payment Side,Positive,Part I
3201142418,320102103030118,Road_Ordinary services-Rent for Others,Payment Side,Positive,Part I
5201019752,520100104530052,Computerisation&Modernization of Insurance Operations-M & E,Payment Side,Positive,Part I
3201139827,320102101020227,Opening of BOs _ PO Scheme RB Function -Minor C & E Works,Payment Side,Positive,Part I
3201139928,320102101020228,Opening of BOs _ PO Scheme RB Function -Professional Service,Payment Side,Positive,Part I
3201140018,320102103030318,Road Transfer Network_MNOP_Rent for Others,Payment Side,Positive,Part I
3201140124,320102103030324,Road Transfer Network_MNOP-Fuels and Lubricants,Payment Side,Positive,Part I
3201099504,320107200010204,Other Pension Payments-Pensionary Charges,Payment Side,Positive,Part I
3201140227,320102101170027,Infra Upgradation_PNOP-Minor C & E Works,Payment Side,Positive,Part I
3201140314,320102101160014,Upgradation of FPOs & SFPOs_IRGB Scheme_RRT,Payment Side,Positive,Part I
3201140427,320102101160027,Upgradation of FPOs & SFPOs_IRGB Scheme_Minoir C & E Works,Payment Side,Positive,Part I
3201140549,320102101160049,Upgradation of FPOs & SFPOs_IRGB Scheme_ORE,Payment Side,Positive,Part I
3201140628,320102104100028,Digital Address Code_Post Offices_Professional Services,Payment Side,Positive,Part I
3201140728,320101101020228,Marketing Function of DoP (Scheme)_Professional Services,Payment Side,Positive,Part I
3201140827,320101101020227,Marketing Function of DoP (Scheme)_Minor C & E Works,Payment Side,Positive,Part I
3201140934,320101001030134,Philately Directorate-Scholorships,Payment Side,Positive,Part I
3201141009,320102003020109,Training Program-Group A &B-HRM Schems_Training Expenses,Payment Side,Positive,Part I
3201141119,320102003020219,In Service Training -HRM Scheme_Digital Equipment,Payment Side,Positive,Part I
3201141216,320102003020216,In Service Training -HRM Scheme_Printing & Publications,Payment Side,Positive,Part I
3201141329,320102003020229,In Service Training -HRM Scheme_Repair & Maintenance,Payment Side,Positive,Part I
3201141821,320101001060221,Postal Logistics Infra Project_Materials and Supplies,Payment Side,Positive,Part I
3201141927,320101001060227,Postal Logistics Infra Project_Minor Civil & Electrical Work,Payment Side,Positive,Part I
3201142028,320101001060228,Postal Logistics Infra Project_Professional Services,Payment Side,Positive,Part I
3201142149,320101001060249,Postal Logistics Infra Project_Other Revenue Expeniture,Payment Side,Positive,Part I
5201016952,520100104660052,Infra & Branding of Pos_Scheme RB_Machinery & Equipment,Payment Side,Positive,Part I
5201017071,520100104660071,Infra & Branding of Pos_Scheme RB_ICT,Payment Side,Positive,Part I
5201017174,520100104660074,Infra & Branding of Pos_Scheme RB_Furniture & Fixtures,Payment Side,Positive,Part I
5201017272,520100104230072,Business Exapnsion(SP)_MNOP_Buildings And Structures,Payment Side,Positive,Part I
3201099363,320107110030063,IA transfer to DOT under MH 2071-Govt. Adjustments for NPS,Payment Side,Positive,Part I
3201024112,320102003020112,Training Program-Group A &B officers-Foreign Travel Expenses,Payment Side,Positive,Part I
5201017452,520100104690052,Infra Upgradation_PNOP-Machinery & Equipment,Payment Side,Positive,Part I
5201017571,520100104690071,Infra Upgradation_PNOP-ICT,Payment Side,Positive,Part I
5201017672,520100104690072,Infra Upgradation_PNOP-Buildings And Structures,Payment Side,Positive,Part I
5201017774,520100104690074,Infra Upgradation_PNOP-Furniture & Fixtures,Payment Side,Positive,Part I
5201017852,520100104670052,Upgradation of FPOs & SFPOs_IRGB Scheme_Machinery &Equipment,Payment Side,Positive,Part I
5201017971,520100104670071,Upgradation of FPOs & SFPOs_IRGB Scheme_ICT,Payment Side,Positive,Part I
5201018072,520100104670072,Upgradation of FPOs & SFPOs_IRGB Scheme_Building & Structure,Payment Side,Positive,Part I
5201018271,520100104700071,Marketing Function of DoP (Scheme)-ICT,Payment Side,Positive,Part I
5201018571,520100003020071,Buildings -HRM Scheme_ICT,Payment Side,Positive,Part I
5201018652,520100003020052,Buildings -HRM Scheme_Machinery & Equipment,Payment Side,Positive,Part I
5201018774,520100003020074,Buildings -HRM Scheme_Furniture & Fixtures,Payment Side,Positive,Part I
5201018873,520100003020073,Buildings -HRM Scheme_Infrastrucural Assets,Payment Side,Positive,Part I
5201018977,520100003020077,Buildings -HRM Scheme_Other Fixed Assets,Payment Side,Positive,Part I
5201019052,520100101020052,Buildings -Estates Management_Machinery & Equipment,Payment Side,Positive,Part I
3201136404,320107110010004,Govt. Contribution under UPS for Postal Employees,Payment Side,Positive,Part I
3201136504,320107110020004,Govt. Contribution for NPS of Audit employees,Payment Side,Positive,Part I
3201136604,320107110030063,IA transfer to DOT under MH 2071-Govt. Adjustments for UPS,Receipt Side,Negative,Part I
5201016252,520100101020052,Postal Network_Land_Bldgs_Machinery & Equipment,Payment Side,Positive,Part I
3201017019,320101101040119,RMS Divisions-Digital Equipment,Payment Side,Positive,Part I
3201087919,320104102020119,Circle Postal Account office-Digital Equipment,Payment Side,Positive,Part I
5201000171,520100003020071,Buildings_ICT Equipment,Payment Side,Positive,Part I
3201097563,320107102030063,IA Transfer -Com. value- from DOT-Govt. Adjustments,Payment Side,Positive,Part I
3201097604,320107103000004,Compassionate Allowances-Pensionary Charges,Payment Side,Positive,Part I
3201097804,320107104010104,Gratuities-Pensionary Charges,Payment Side,Positive,Part I
3201097904,320107104010204,Compassionate Gratuities-Pensionary Charges,Payment Side,Positive,Part I
3201098004,320107104010304,Gratuities to Extra Departmental Agents-Pensionary Charges,Payment Side,Positive,Part I
5201014271,520100104640471,NETWORK_ICT EQUIPMENT,Payment Side,Positive,Part I
5201014371,520100104640571,DC & DR FACILITY_ICT EQUIPMENT,Payment Side,Positive,Part I
3201000709,320101001010109,Postal Directorate-Training Expenses,Payment Side,Positive,Part I
3201000811,320101001010111,Postal Directorate-Domestic Travel Expenses,Payment Side,Positive,Part I
3201000912,320101001010112,Postal Directorate-Foreign Travel Expenses,Payment Side,Positive,Part I
3201001013,320101001010113,Postal Directorate-Office Expenses,Payment Side,Positive,Part I
3201001114,320101001010114,"Postal Directorate-Rent,Rates & Taxes for Land and Buidlings",Payment Side,Positive,Part I
3201001215,320101001010115,Postal Directorate-Royalty,Payment Side,Positive,Part I
3201001316,320101001010116,Postal Directorate-Printing and Publication,Payment Side,Positive,Part I
3201001418,320101001010118,Postal Directorate-Rent for Others,Payment Side,Positive,Part I
3201001519,320101001010119,Postal Directorate-Digital Equipment,Payment Side,Positive,Part I
3201001621,320101001010121,Postal Directorate-Materials and Supplies,Payment Side,Positive,Part I
3201001724,320101001010124,Postal Directorate-Fuels and Lubricants,Payment Side,Positive,Part I
5201019572,520100104710072,Postal Logistics Infra Project_Buildings & Structures,Payment Side,Positive,Part I
5201019674,520100104710074,Postal Logistics Infra Project_Furniture & Fixtures,Payment Side,Positive,Part I
5201017351,520100104690051,Infra Upgradation_PNOP-Motor vehicles,Payment Side,Positive,Part I
5201016778,520100101020078,Postal Network_Land_Bldgs_Land,Payment Side,Positive,Part I
5201016878,520100104610178,Cash Chest at Rural Branch Office_Land,Payment Side,Positive,Part I
8446024600,844600101360000,Surcharge (CD) for Intl Mail_Payments,Payment Side,Positive,Part III
8446006300,844600102370000,RCM -CGST PLI Services-Receipts,Receipt Side,Positive,Part III
8446006500,844600102370000,RCM -SGST PLI Services-Receipts,Receipt Side,Positive,Part III
8446006700,844600102370000,RCM - UTGST PLI Services-Receipts,Receipt Side,Positive,Part III
8446006900,844600102370000,RCM -CGST RPLI Services-Receipts,Receipt Side,Positive,Part III
8446007100,844600102370000,RCM -SGST RPLI Services-Receipts,Receipt Side,Positive,Part III
8446007300,844600102370000,RCM - UTGST RPLI Services-Receipts,Receipt Side,Positive,Part III
8781000100,878100101000000,Money Order_ Receipts,Receipt Side,Positive,Part III
8015003100,801502104000000,Investment Net PLI Fund in Other Investments-Receipts,Receipt Side,Positive,Part III
8446005100,844600102370000,RCM -CGST Courier Services-Receipts,Receipt Side,Positive,Part III
8446005200,844600102370000,RCM -CGST Courier Services-Payments,Payment Side,Positive,Part III
8446005300,844600102370000,RCM -SGST Courier Services-Receipts,Receipt Side,Positive,Part III
8446005400,844600102370000,RCM -SGST Courier Services-Payments,Payment Side,Positive,Part III
8446005500,844600102370000,RCM - UTGST Courier Services-Receipts,Receipt Side,Positive,Part III
8446005600,844600102370000,RCM - UTGST Courier Services-Payments,Payment Side,Positive,Part III
8446005700,844600102370000,RCM - CGST Banking & Finance Services-Receipts,Receipt Side,Positive,Part III
8446005800,844600102370000,RCM - CGST Banking & Finance Services-Payments,Payment Side,Positive,Part III
8446005900,844600102370000,RCM - SGST Banking & Finance Services-Receipts,Receipt Side,Positive,Part III
8446006000,844600102370000,RCM - SGST Banking & Finance Services-Payments,Payment Side,Positive,Part III
8446006100,844600102370000,RCM - UTGST Banking & Finance Services-Receipts,Receipt Side,Positive,Part III
8446007400,844600102370000,RCM - UTGST RPLI Services-Payments,Payment Side,Positive,Part III
8446007500,844600102370000,RCM -CGST Business Auxiliary Services Services-Receipts,Receipt Side,Positive,Part III
8446007600,844600102370000,RCM -CGST Business Auxiliary Services Services-Payments,Payment Side,Positive,Part III
8446007700,844600102370000,RCM -SGST Business Auxiliary Services Services-Receipts,Receipt Side,Positive,Part III
8446007800,844600102370000,RCM -SGST Business Auxiliary Services Services-Payments,Payment Side,Positive,Part III
8446007900,844600102370000,RCM - UTGST Business Auxiliary Services Services-Receipts,Receipt Side,Positive,Part III
8446008000,844600102370000,RCM - UTGST Business Auxiliary Services Services-Payments,Payment Side,Positive,Part III
8446008200,844600102380000,CGST TDS Courier Services-Payments,Payment Side,Positive,Part III
8446008300,844600102380000,SGST TDS Courier Services-Receipts,Receipt Side,Positive,Part III
8446008500,844600102380000,UTGST TDS Courier Services-Receipts,Receipt Side,Positive,Part III
8446008600,844600102380000,UTGST TDS Courier Services-Payments,Payment Side,Positive,Part III
8446008700,844600102380000,IGST TDS Courier Services-Receipts,Receipt Side,Positive,Part III
8446008800,844600102380000,IGST TDS Courier Services-Payments,Payment Side,Positive,Part III
8446008900,844600102380000,CGST TDS Banking & Finance Services-Receipts,Receipt Side,Positive,Part III
8446009000,844600102380000,CGST TDS Banking & Finance Services-Payments,Payment Side,Positive,Part III
8446009100,844600102380000,SGST TDS Banking & Finance Services-Receipts,Receipt Side,Positive,Part III
8446009200,844600102380000,SGST TDS Banking & Finance Services-Payments,Payment Side,Positive,Part III
8446009300,844600102380000,UTGST TDS Banking & Finance Services-Receipts,Receipt Side,Positive,Part III
8446009400,844600102380000,UTGST TDS Banking & Finance Services-Payments,Payment Side,Positive,Part III
8446009500,844600102380000,IGST TDS Banking & Finance Services-Receipts,Receipt Side,Positive,Part III
8446009600,844600102380000,IGST TDS Banking & Finance Services-Payments,Payment Side,Positive,Part III
8011000800,801100103000000,EDAGIS_Contributions,Receipt Side,Positive,Part III
8446009700,844600102380000,CGST TDS PLI Services-Receipts,Receipt Side,Positive,Part III
8446009800,844600102380000,CGST TDS PLI Services-Payments,Payment Side,Positive,Part III
8446009900,844600102380000,SGST TDS PLI Services-Receipts,Receipt Side,Positive,Part III
8446010000,844600102380000,SGST TDS PLI Services-Payments,Payment Side,Positive,Part III
8446010100,844600102380000,UTGST TDS PLI Services-Receipts,Receipt Side,Positive,Part III
8446010200,844600102380000,UTGST TDS PLI Services-Payments,Payment Side,Positive,Part III
8446010300,844600102380000,IGST TDS PLI Services-Receipts,Receipt Side,Positive,Part III
8446010400,844600102380000,IGST TDS PLI Services-Payments,Payment Side,Positive,Part III
8446010500,844600102380000,CGST TDS RPLI Services-Receipts,Receipt Side,Positive,Part III
8446010600,844600102380000,CGST TDS RPLI Services-Payments,Payment Side,Positive,Part III
8446010700,844600102380000,SGST TDS RPLI Services-Receipts,Receipt Side,Positive,Part III
8446010800,844600102380000,SGST TDS RPLI Services-Payments,Payment Side,Positive,Part III
8446010900,844600102380000,UTGST GST RPLI Services-Receipts,Receipt Side,Positive,Part III
8446011000,844600102380000,UTGST GST RPLI Services-Payments,Payment Side,Positive,Part III
8446011100,844600102380000,IGST TDS RPLI Services-Receipts,Receipt Side,Positive,Part III
8446011200,844600102380000,IGST TDS RPLI Services-Payments,Payment Side,Positive,Part III
8446011300,844600102380000,CGST TDS Business Auxiliary Services Services-Receipts,Receipt Side,Positive,Part III
8446011400,844600102380000,CGST TDS Business Auxiliary Services Services-Payments,Payment Side,Positive,Part III
8446011500,844600102380000,SGST TDS Business Auxiliary Services Services-Receipts,Receipt Side,Positive,Part III
8446011600,844600102380000,SGST TDS Business Auxiliary Services Services-Payments,Payment Side,Positive,Part III
8446011700,844600102380000,UTGST TDS Business Auxiliary Services Services-Receipts,Receipt Side,Positive,Part III
8446011800,844600102380000,UTGST TDS Business Auxiliary Services Services-Payments,Payment Side,Positive,Part III
8446011900,844600102380000,IGST TDS Business Auxiliary Services Services-Receipts,Receipt Side,Positive,Part III
8446012000,844600102380000,IGST TDS Business Auxiliary Services Services-Payments,Payment Side,Positive,Part III
2016000711,201600102010411,P & T Audit Office-Domestic Travel Expenses,Payment Side,Positive,Part I
2016000812,201600102010412,P & T Audit Office-Foreign Travel Expenses,Payment Side,Positive,Part I
2016000913,201600102010413,P & T Audit Office-Office Expenses,Payment Side,Positive,Part I
2016001014,201600102010414,P & T Audit Office-RRT,Payment Side,Positive,Part I
2016001116,201600102010416,P & T Audit Office-Printing and Publication,Payment Side,Positive,Part I
2016001218,201600102010418,P & T Audit Office-Rent for Others,Payment Side,Positive,Part I
2016001319,201600102010419,P & T Audit Office-Digital Equipment,Payment Side,Positive,Part I
2016001424,201600102010424,P & T Audit Office-Fuels and Lubricants,Payment Side,Positive,Part I
2016001526,201600102010426,P & T Audit Office-Advertising and Publicity,Payment Side,Positive,Part I
2016001627,201600102010427,P & T Audit Office-Minor Civil and Electrical Works,Payment Side,Positive,Part I
2016001728,201600102010428,P & T Audit Office-Professional Services,Payment Side,Positive,Part I
2016001829,201600102010429,P & T Audit Office-Repair & Maintenance,Payment Side,Positive,Part I
2016001931,201600102010431,P & T Audit Office-Grants-in-Aid General,Payment Side,Positive,Part I
2016002301,201600102010401,Recovery of P & T Audit-Salaries Paid in the Current FY,Receipt Side,Negative,Part I
2016002405,201600102010405,Recovery of P & T Audit -Rewards Paid in the Current FY,Receipt Side,Negative,Part I
2016002506,201600102010406,Recovery of P & T Audit -Med.Trt Paid in the Current FY,Receipt Side,Negative,Part I
2016002607,201600102010407,Recovery of P & T Audit-Allowances Paid in the Current FY,Receipt Side,Negative,Part I
2016002708,201600102010408,Recovery of P & T Audit Office-LTC Paid in the Current FY,Receipt Side,Negative,Part I
2016002811,201600102010411,Recovery of P & T Audit Office-DTE Paid in the Current FY,Receipt Side,Negative,Part I
2016002912,201600102010412,P & T Audit Office-FTE Paid in the Current FY,Receipt Side,Negative,Part I
2016000101,201600102010401,P & T Audit Office-Salaries,Payment Side,Positive,Part I
2016000202,201600102010402,P & T Audit Office-Wages,Payment Side,Positive,Part I
2016000305,201600102010405,P & T Audit Office-Rewards,Payment Side,Positive,Part I
2016000406,201600102010406,P & T Audit Office-Medical Treatment,Payment Side,Positive,Part I
2016000507,201600102010407,P & T Audit Office-Allowances,Payment Side,Positive,Part I
2016000608,201600102010401,P & T Audit Office-LTC,Payment Side,Positive,Part I
5201018174,520100104670074,Upgradation of FPOs & SFPOs_IRGB Scheme_Furniture & Fixtures,Payment Side,Positive,Part I
5201018374,520100104700074,Marketing Function of DoP (Scheme)-Furniture & Fixtures,Payment Side,Positive,Part I
5201018472,520100104680072,Philately Museum Upgradation(Scheme)_Buildings & Structures,Payment Side,Positive,Part I
5201019173,520100101020073,Buildings -Estates Management_Infrastructural Assets,Payment Side,Positive,Part I
5201019276,520100101020076,Buildings -Estates Management_Procurement pf Heritage Assets,Payment Side,Positive,Part I
8016012600,801605102050000,Bonus Payment- RPLI GramPriya Policies,Payment Side,Positive,Part III
8011000900,801100103000000,GDSGIS_Contributions,Receipt Side,Positive,Part III
8016000500,801601104000000,PLI interset income on Loans to the PLI policy holders,Receipt Side,Positive,Part III
1201018600,120100200220100,Aadhaar Other Biometric/Demography Updation_Cont.Cust,Receipt Side,Positive,Part I
9449000600,4903900010200,Refund-Interest on Motor Cars Advance,Payment Side,Negative,Part I
8446008100,844600102380000,CGST TDS Courier Services-Receipts,Receipt Side,Positive,Part III
1201001700,120100101120100,PRC e-post services.,Receipt Side,Positive,Part I
8446024400,844600101360000,Customs Duty (Delivery Duty Paid) - Refunds,Payment Side,Positive,Part III
8455000200,845500101020000,Deposits(Receipt) from IPPB Customers,Receipt Side,Positive,Part III
8455000300,845500101020000,Withdrawals(Payments) by IPPB Customers,Payment Side,Positive,Part III
8455000600,845500101030100,Amount Recievable from IPPB for direct debiting IPPB account,Payment Side,Positive,Part III
8455000800,845500101040100,Amount Receivable from IPPB for Bharat QR Code Transaction,Payment Side,Positive,Part III
8016008400,801605102040000,Bonus RPLI Anticipated EA Policies,Payment Side,Positive,Part III
8016008500,801605102050000,Bonus to RPLI Children Policies,Payment Side,Positive,Part III
8016008600,801606101010100,Payment of PLI incentive to Development officers,Payment Side,Positive,Part III
8016008700,801606101010200,Payment of PLI incentive/commission to field officers,Payment Side,Positive,Part III
8016008800,801606101010300,Payment of PLI commission to agents/BPMs/SPMsâ€¦etc,Payment Side,Positive,Part III
8016009000,801606101010500,Advertisement and Publicity-PLI,Payment Side,Positive,Part III
8016009100,801606101010600,"Payment of PLI Incentive to IPOs,ASPs,SPOs,SSPOs",Payment Side,Positive,Part III
8016009200,801606101020100,Payment of RPLI incentive to Development officers,Payment Side,Positive,Part III
8016009300,801606101020200,payment of RPLI incentive/commission to field officers,Payment Side,Positive,Part III
8016009400,801606101020300,Payment of RPLI commission to agents/BPMs/SPMsâ€¦etc,Payment Side,Positive,Part III
8016009600,801606101020500,Advertisement and Publicity-RPLI,Payment Side,Positive,Part III
8016009700,801606101020600,"Payment of RPLI Incentive to IPOs,ASPs,SPOs,SSPOs",Payment Side,Positive,Part III
8016009800,801606102010100,Charges paid for actuarial services-PLI,Payment Side,Positive,Part III
8016010000,801606102010300,Pmt of Medical Examination fees and ancillary charges-PLI,Payment Side,Positive,Part III
8016010100,801606102020100,Charges paid for actuarial services-RPLI,Payment Side,Positive,Part III
8016010300,801606102020300,Pmt of Medical Examination fees and ancillary charges-RPLI,Payment Side,Positive,Part III
8016011800,801606106020000,Brokerage/comm to Brokers/agents of RPLI Funds,Payment Side,Positive,Part III
8016011900,801606107010100,Pay of Service Tax PLI,Payment Side,Positive,Part III
8016012000,801606107010500,Pay of other Levies and Taxes PLI,Payment Side,Positive,Part III
8016012100,801606107020100,Pay of Service Tax RPLI,Payment Side,Positive,Part III
8016012200,801606107020500,Pay of other Levies and Taxes RPLI,Payment Side,Positive,Part III
8014006500,801401103010100,PLI-CWLA Premium Receipts and Recoveries-Renwal Premium,Receipt Side,Positive,Part III
8014000900,801401104010100,PLI-EA Premium Receipts and Recoveries-First Year Premium,Receipt Side,Positive,Part III
8014006600,801401104010100,PLI-EA Premium Receipts and Recoveries-Renewal Premium,Receipt Side,Positive,Part III
8014001400,801401105010100,PLI-AEA Premium Receipts and Recoveries-First Year Premium,Receipt Side,Positive,Part III
8014006700,801401105010100,PLI-AEA Premium Receipts and Recoveries-Renewal Premium,Receipt Side,Positive,Part III
8014001800,801401106010100,PLI-JEA Premium Receipts and Recoveries-First Year Premium,Receipt Side,Positive,Part III
8014006800,801401106010100,PLI-JEA Premium Receipts and Recoveries-Renewal Premium,Receipt Side,Positive,Part III
8014002300,801401107010100,PLI-CP Premium Receipts and Recoveries-First Year Premium,Receipt Side,Positive,Part III
8014006900,801401107010100,PLI-CP Premium Receipts and Recoveries-Renewal Premium,Receipt Side,Positive,Part III
8014002900,801401108020000,Repayment and recovery of Loans from PLI-WLA Policy,Receipt Side,Positive,Part III
8014005700,801401108020000,Repayment and recovery of Loans from PLI-CWLA Policy,Receipt Side,Positive,Part III
8014005800,801401108020000,Repayment and recovery of Loans from PLI-EA Policy,Receipt Side,Positive,Part III
8014005900,801401108020000,Repayment and recovery of Loans from PLI-JEA Policy,Receipt Side,Positive,Part III
8016008900,801606101010400,Rebate on Advance payment of PLI Premium,Payment Side,Positive,Part III
8016009500,801606101020400,Rebate on Advance payment of RPLI Premium,Payment Side,Positive,Part III
8014003000,801402102010000,RPLI-WLA Premium receipts and recoveries-First Year Premium,Receipt Side,Positive,Part III
8014007000,801402102010000,RPLI-WLA Premium receipts and recoveries-Renewal Premium,Receipt Side,Positive,Part III
8014003400,801402103010000,RPLI-CWLA Premium Receipts and Recoveries First Year Premium,Receipt Side,Positive,Part III
8014007100,801402103010000,RPLI-CWLA Premium Receipts and Recoveries Renwal Premium,Receipt Side,Positive,Part III
8014003800,801402104010000,RPLI-EA Premium Receipts and Recoveries-First Year Premium,Receipt Side,Positive,Part III
8014007200,801402104010000,RPLI-EA Premium Receipts and Recoveries-Renewal Premium,Receipt Side,Positive,Part III
8014004700,801402107010000,RPLI-CP Premium Receipts and Recoveries-First Year Premium,Receipt Side,Positive,Part III
8014007900,801402107010000,RPLI-CP Premium Receipts and Recoveries-Renewal Premium,Receipt Side,Positive,Part III
8014005300,801402108020000,Repayments & Recovery of Loans from RPLI-WLA Policy,Receipt Side,Positive,Part III
8014006200,801402108020000,Repayments & Recovery of Loans from RPLI-CWLA Policy,Receipt Side,Positive,Part III
8014006300,801402108020000,Repayments & Recovery of Loans from RPLI-EA Policy,Receipt Side,Positive,Part III
8014008300,801401102010100,PLI-WLA Refund of Excess premium paid,Payment Side,Negative,Part III
8014008400,801401103010100,PLI-CWLA Refund of Excess premium paid,Payment Side,Negative,Part III
8671001600,867100102010000,HR to PLI- In transit,Receipt Side,Positive,Part III
8671001700,867100102010000,HR to PLI Cleared,Payment Side,Positive,Part III
8014008500,801401104010100,PLI-EA Refund of Excess premium paid,Payment Side,Negative,Part III
8014008600,801401105010100,PLI-AEA Refund of Excess premium paid,Payment Side,Negative,Part III
8014008700,801401106010100,PLI-JEA Refund of Excess premium paid,Payment Side,Negative,Part III
8014008800,801401107010100,PLI-CP Refund of Excess premium paid,Payment Side,Negative,Part III
8014008900,801402102010000,RPLI-WLA Refund of Excess premium paid,Payment Side,Negative,Part III
8014009000,801402103010000,RPLI-CWLA Refund of Excess premium paid,Payment Side,Negative,Part III
8014009100,801402104010000,RPLI-EA Refund of Excess premium paid,Payment Side,Negative,Part III
8661008300,866100101620100,CGST-Collection on PLI Services_Renewal Premium,Receipt Side,Positive,Part III
8661008400,866100101620300,SGST-Collection on PLI Services_Renewal Premium,Receipt Side,Positive,Part III
8661008500,866100101620500,UTGST-Collection on PLI Services_Renewal Premium,Receipt Side,Positive,Part III
8661008600,866100101620700,IGST-Collection on PLI Services_Renewal Premium,Receipt Side,Positive,Part III
8661008700,866100101621000,Remittance CGST-PLI Services_Renewal Premium,Payment Side,Negative,Part III
8661008800,866100101621100,Remittance SGST-PLI Services_Renewal Premium,Payment Side,Negative,Part III
8661008900,866100101621200,Remittance UTGST-PLI Services_Renewal Premium,Payment Side,Negative,Part III
8661009000,866100101621300,Remittance IGST-PLI Services_Renewal Premium,Payment Side,Negative,Part III
8661009100,866100101630100,CGST-Collection on RPLI Services_Renewal Premium,Receipt Side,Positive,Part III
8661009200,866100101630300,SGST-Collection on RPLI Services_Renewal Premium,Receipt Side,Positive,Part III
8661009500,866100101631000,Remittance CGST-RPLI Services_Renewal Premium,Payment Side,Negative,Part III
8661009600,866100101631100,Remittance SGST-RPLI Services_Renewal Premium,Payment Side,Negative,Part III
8661009700,866100101631200,Remittance UTGST-RPLI Services_Renewal Premium,Payment Side,Negative,Part III
8661009800,866100101631300,Remittance IGST-RPLI Services_Renewal Premium,Payment Side,Negative,Part III
8446015000,844600101360000,Initial Amount for PLI Proposal-Receipts,Receipt Side,Positive,Part III
8446015100,844600101360000,Initial Amount for PLI Proposal-Payments/Adjustments,Payment Side,Positive,Part III
8446015200,844600101360000,Initial Amount for RPLI Proposal-Receipts,Receipt Side,Positive,Part III
8446015300,844600101360000,Initial Amount for RPLI Proposal-Payments/Adjustments,Payment Side,Positive,Part III
8661001700,866100101620100,CGST-Collection on PLI Services_First Year Premium,Receipt Side,Positive,Part III
8661001800,866100101620300,SGST-Collection on PLI Services_First Year Premium,Receipt Side,Positive,Part III
8661001900,866100101620500,UTGST-Collection on PLI Services_First Year Premium,Receipt Side,Positive,Part III
8661002000,866100101620700,IGST-Collection on PLI Services_First Year Premium,Receipt Side,Positive,Part III
8661002100,866100101621000,Remittance CGST-PLI Services_First Year Premium,Payment Side,Negative,Part III
8661002200,866100101621100,Remittance SGST-PLI Services_First Year Premium,Payment Side,Negative,Part III
8661002300,866100101621200,Remittance UTGST-PLI Services_First Year Premium,Payment Side,Negative,Part III
8661002400,866100101621300,Remittance IGST-PLI Services_First Year Premium,Payment Side,Negative,Part III
8661002500,866100101630100,CGST-Collection on RPLI Services_First Year Premium,Receipt Side,Positive,Part III
8661002600,866100101630300,SGST-Collection on RPLI Services_First Year Premium,Receipt Side,Positive,Part III
8661002700,866100101630500,UTGST-Collection on RPLI Services_First Year Premium,Receipt Side,Positive,Part III
8661002800,866100101630700,IGST-Collection on RPLI Services_First Year Premium,Receipt Side,Positive,Part III
8661002900,866100101631000,Remittance CGST-RPLI Services_First Year Premium,Payment Side,Negative,Part III
8661003000,866100101631100,Remittance SGST-RPLI Services_First Year Premium,Payment Side,Negative,Part III
8661003100,866100101631200,Remittance UTGST-RPLI Services_First Year Premium,Payment Side,Negative,Part III
8661003200,866100101631300,Remittance IGST-RPLI Services_First Year Premium,Payment Side,Negative,Part III
9421000200,2100102090000,IT TDS from Insurance Commission under 194-D,Receipt Side,Positive,Part I
9421001500,2100102290000,IT TDS for Professional Services under 194-J,Receipt Side,Positive,Part I
9421001600,2100102090000,IT TDS from Insurance Commission under 194-DA,Receipt Side,Positive,Part I
8014009200,801402105010000,RPLI-AEA Refund of Excess premium paid,Payment Side,Negative,Part III
8014009300,801402107010000,RPLI-CP Refund of Excess premium paid,Payment Side,Negative,Part III
8014009400,801402106010000,RPLI-GP Refund of Excess premium paid,Payment Side,Negative,Part III
8446022100,844600101360000,Customs Duty (Delivery Duty Paid)_Collection Pending,Payment Side,Positive,Part III
8446022300,844600101360000,Customs Duty (Delivery Duty Paid) - Payments to Dest. Country,Payment Side,Positive,Part III
8014002700,801401107020400,PLI-CP Payment of Paidup Value Claim,Payment Side,Positive,Part III
8014000300,801401102020200,PLI-WLA payments-Surrender Values,Payment Side,Positive,Part III
8014000400,801401102020300,PLI- WLA-Payments- Maturity value,Payment Side,Positive,Part III
8014000600,801401103020100,PLI-CWLA Payments-Death Claim,Payment Side,Positive,Part III
8014000700,801401103020200,PLI- CWLA Premium Repymnt-Pymnt of Surrender Value,Payment Side,Positive,Part III
8014000800,801401103020300,PLI-CWLA Payments- Maturity value,Payment Side,Positive,Part III
8014001000,801401104020100,PLI-EA Payments-Death Claim,Payment Side,Positive,Part III
8014001100,801401104020200,PLI-EA Payment of Surrender Values,Payment Side,Positive,Part III
8014001200,801401104020300,PLI-EA Payment of Maturity claims,Payment Side,Positive,Part III
8014001300,801401104020400,PLI-EA Payment of Paidup Value Claim,Payment Side,Positive,Part III
8014001500,801401105020100,PLI-AEA Payments-Death Claim,Payment Side,Positive,Part III
8014001600,801401105020200,PLI-AEA Payment of Maturity claims,Payment Side,Positive,Part III
8014001700,801401105020300,PLI-AEA Payment of Paidup Value Claim,Payment Side,Positive,Part III
8014001900,801401106020100,PLI-JEA Payments-Death Claim,Payment Side,Positive,Part III
8014002000,801401106020200,PLI-JEA Payment of Surrender Value,Payment Side,Positive,Part III
8014002100,801401106020300,PLI-JEA Payment of Maturity claims,Payment Side,Positive,Part III
8014002200,801401106020400,PLI-JEA Payment of Paidup Value Claim,Payment Side,Positive,Part III
8014002400,801401107020100,PLI-CP Payments-Death Claim,Payment Side,Positive,Part III
8014002500,801401107020200,PLI-CP Payment of Surrender Value,Payment Side,Positive,Part III
8014002600,801401107020300,PLI-CP Payment of Maturity claims,Payment Side,Positive,Part III
8014002800,801401108010000,Payment of Loans to PLI-WLA Policy Holders,Payment Side,Positive,Part III
8014005400,801401108010000,Payment of Loans to PLI-CWLA Policy Holders,Payment Side,Positive,Part III
8014005500,801401108010000,Payment of Loans to PLI-EA Policy Holders,Payment Side,Positive,Part III
8014005600,801401108010000,Payment of Loans to PLI-JEA Policy Holders,Payment Side,Positive,Part III
8014003100,801402102020100,RPLI-WLA Payments-Death Claim,Payment Side,Positive,Part III
8014003200,801402102020200,RPLI-WLA Payment of Surrender Value,Payment Side,Positive,Part III
8014003300,801402102020300,RPLI WLA Payments- Maturity value,Payment Side,Positive,Part III
8014003500,801402103020100,RPLI-CWLA Payments-Death Claim,Payment Side,Positive,Part III
8014003600,801402103020200,RPLI-CWLA Payment of Surrender Value,Payment Side,Positive,Part III
8014003700,801402103020300,RPLI CWLA Payments- Maturity value,Payment Side,Positive,Part III
8014003900,801402104020100,RPLI-EA Payments-Death Claim,Payment Side,Positive,Part III
8014004000,801402104020200,RPLI-EA Payment of Surrender Value,Payment Side,Positive,Part III
8014004100,801402104020300,RPLI-EA Payment of Maturity claims,Payment Side,Positive,Part III
8014004200,801402104020400,RPLI-EA Prmium Repymnt-Pymnt of Paidup Value Claim,Payment Side,Positive,Part III
8014004400,801402105020100,RPLI-AEA Payments-Death Claim,Payment Side,Positive,Part III
8014004500,801402105020200,RPLI-AEA Payment of Maturity claim,Payment Side,Positive,Part III
8014004600,801402105020300,RPLI-AEA Payment of Paidup Value Claim,Payment Side,Positive,Part III
8014004800,801402107020100,RPLI-CP Payments-Death Claim,Payment Side,Positive,Part III
8014004900,801402107020200,RPLI-CPPayment of Surrender Value,Payment Side,Positive,Part III
8014005000,801402107020300,RPLI-CP Payment of Maturity claims,Payment Side,Positive,Part III
8014005100,801402107020400,RPLI-CP Payment of Paidup Value Claim,Payment Side,Positive,Part III
8014005200,801402108010000,Payment of Loans to RPLI-WLA Policy Holders,Payment Side,Positive,Part III
8014006000,801402108010000,Payment of Loans to RPLI-CWLA Policy Holders,Payment Side,Positive,Part III
8014006100,801402108010000,Payment of Loans to RPLI-EA Policy Holders,Payment Side,Positive,Part III
8014007600,801402106020100,RPLI-GP Payments-Death Claim,Payment Side,Positive,Part III
8014007700,801402106020200,RPLI-GP Payment of Maturity claim,Payment Side,Positive,Part III
8014007800,801402106020300,RPLI-GP Payment of Paidup Value Claim,Payment Side,Positive,Part III
8001001600,800100111000000,Senior Citizen Savings Scheme-Payments,Payment Side,Positive,Part III
8001001700,800100112010000,National Savings Scheme 1987-Receipts,Receipt Side,Positive,Part III
8008001345,800802101060045,Monthly Income Scheme Interest,Payment Side,Positive,Part III
8446001100,844600101200200,Wallet Credit_Contractual Customer,Receipt Side,Positive,Part III
8671002300,867100102010000,PLI to CBS Cleared,Payment Side,Positive,Part III
8008005016,800803104010016,Cost of printing of AAR Books,Payment Side,Positive,Part III
8008005116,800803104030016,Cost of printing of POSB Cheque Books,Payment Side,Positive,Part III
8008005216,800803104010016,Cost of printing of ASLAAS-5 Cards,Payment Side,Positive,Part III
8012000100,801200110010000,Special Deposits and Accounts CDS (ITP1963)-Receipts,Receipt Side,Positive,Part III
8001000300,800100105000000,Post Office Recurring Deposits -Receipts,Receipt Side,Positive,Part III
8001000400,800100105000000,Post Office Recurring Deposits -Payments,Payment Side,Positive,Part III
8001003200,800100114010200,PCMIS Account-Payments,Payment Side,Positive,Part III
8002000100,800200104010000,10 Year Defence Savings Certificates-Receipts,Receipt Side,Positive,Part III
8002000200,800200104010000,10 Year Defence Savings Certificates-Payments,Payment Side,Positive,Part III
8002000300,800200107010100,6 Year National Savings Certificates (VIII-Issue)-Receipts,Receipt Side,Positive,Part III
8002000400,800200107010100,6 Year National Savings Certificates (VIII-Issue)-Payments,Payment Side,Positive,Part III
8002000500,800200107010200,Kisan Vikas Patra-Receipts,Receipt Side,Positive,Part III
8002000600,800200107010200,Kisan Vikas Patra-Payments,Payment Side,Positive,Part III
8002000700,800200107010300,10 Year National Saving Certificates (IX Issue)-Receipts,Receipt Side,Positive,Part III
8002000800,800200107010300,10 Year National Saving Certificates (IX Issue)-Payments,Payment Side,Positive,Part III
8002000900,800200107010400,Kisan vikas patra-2014-Receipts,Receipt Side,Positive,Part III
8002001000,800200107010400,Kisan vikas patra-2014-Payments,Payment Side,Positive,Part III
8002001100,800200107020400,10 Year Social Secuirty Certificate-Receipts,Receipt Side,Positive,Part III
8002001200,800200107020400,10 Year Social Secuirty Certificate-Payments,Payment Side,Positive,Part III
8002001300,800200107020500,15 Year National Savings Certificate-Receipts,Receipt Side,Positive,Part III
8002001400,800200107020500,15 Year National Savings Certificate-Payments,Payment Side,Positive,Part III
8002001500,800200107020600,12 Year National Plan Savings Certificates-Receipts,Receipt Side,Positive,Part III
8002001600,800200107020600,12 Year National Plan Savings Certificates-Payments,Payment Side,Positive,Part III
8002001700,800200107020700,12 Year National Savings Certificates-Receipts,Receipt Side,Positive,Part III
8002001800,800200107020700,12 Year National Savings Certificates-Payments,Payment Side,Positive,Part III
8002001900,800200107020800,10 Year National Savings Certificates(I-Issue)-Receipts,Receipt Side,Positive,Part III
8002002000,800200107020800,10 Year National Savings Certificates(I-Issue)-Payments,Payment Side,Positive,Part III
8002002100,800200107020900,7 Year National Savings Certificates(I-Issue)-Receipts,Receipt Side,Positive,Part III
8002002200,800200107020900,7 Year National Savings Certificates(I-Issue)-Payments,Payment Side,Positive,Part III
8002002300,800200107021000,7 Year National Savings Certificates(II-Issue)-Receipts,Receipt Side,Positive,Part III
8002002400,800200107021000,7 Year National Savings Certificates(II-Issue)-Payments,Payment Side,Positive,Part III
1201004700,120100200050000,Post Boxes & Bags,Receipt Side,Positive,Part I
8002002500,800200107021100,7 Year National Savings Certificates(III-Issue)-Receipts,Receipt Side,Positive,Part III
8002002600,800200107021100,7 Year National Savings Certificates(III-Issue)-Payments,Payment Side,Positive,Part III
8002002700,800200107021200,7 Year National Savings Certificates(IV-Issue)-Receipts,Receipt Side,Positive,Part III
8002002800,800200107021200,7 Year National Savings Certificates(IV-Issue)-Payments,Payment Side,Positive,Part III
8002002900,800200107021300,7 Year National Savings Certificates(V-Issue)-Receipts,Receipt Side,Positive,Part III
8002003000,800200107021300,7 Year National Savings Certificates(V-Issue)-Payments,Payment Side,Positive,Part III
8002003100,800200107021400,7 Year National Savings Certificates(VI-Issue)-Receipts,Receipt Side,Positive,Part III
8002003200,800200107021400,7 Year National Savings Certificates(VI-Issue)-Payments,Payment Side,Positive,Part III
8002003300,800200107021500,6 Year National Savings Certificates (VII Issue)-Receipts,Receipt Side,Positive,Part III
8002003400,800200107021500,6 Year National Savings Certificates (VII Issue)-Payments,Payment Side,Positive,Part III
8002003500,800200107021600,Indra Vikas Patra-Receipts-Receipts,Receipt Side,Positive,Part III
8002003600,800200107021600,Indra Vikas Patra-Payments,Payment Side,Positive,Part III
8002003700,800200107021700,5 Year Post Office Cash Certificates-Receipts,Receipt Side,Positive,Part III
8002003800,800200107021700,5 Year Post Office Cash Certificates-Payments,Payment Side,Positive,Part III
8002003900,800200107021800,5 Year National Savings Certificates-Receipts,Receipt Side,Positive,Part III
8002004000,800200107021800,5 Year National Savings Certificates-Payments,Payment Side,Positive,Part III
8002004100,800200107021900,10 Year National Plan Certificate-Receipts,Receipt Side,Positive,Part III
8002004200,800200107021900,10 Year National Plan Certificate-Payments,Payment Side,Positive,Part III
8002004300,800200107022000,12 Year National Plan Savings Certificate-Receipts,Receipt Side,Positive,Part III
8002004400,800200107022000,12 Year National Plan Savings Certificate-Payments,Payment Side,Positive,Part III
8002004500,800200108000000,Mahila Samman Savings Certificate-Receipts,Receipt Side,Positive,Part III
8002004600,800200108000000,Mahila Samman Savings Certificate-Payments,Payment Side,Positive,Part III
8002004700,800200104020000,12 Year National Defence Certificate-Receipts,Receipt Side,Positive,Part III
8002004800,800200104020000,12 Year National Defence Certificate-Payments,Payment Side,Positive,Part III
8002004900,800200104030000,10 Year Defence Deposit Certificates-Receipts,Receipt Side,Positive,Part III
8002005000,800200104030000,10 Year Defence Deposit Certificates-Payments,Payment Side,Positive,Part III
8002005100,800200106000000,National Development Bonds-Receipts,Receipt Side,Positive,Part III
8002005200,800200106000000,National Development Bonds-Payments,Payment Side,Positive,Part III
8006000100,800600101000000,Public Provident Funds-Receipts,Receipt Side,Positive,Part III
8006000200,800600101000000,Public Provident Funds-Payments,Payment Side,Positive,Part III
8008000145,800802101010145,Post Office Saving Bank Deposits Interest,Payment Side,Positive,Part III
8008000245,800802101020145,Fixed And Time Deposits Interest,Payment Side,Positive,Part III
8008000345,800802101020245,One Year Time Deposits Interest,Payment Side,Positive,Part III
8008000445,800802101020345,Two Year Time Deposits Interest,Payment Side,Positive,Part III
8008000545,800802101020445,Three Year Time Deposits Interest,Payment Side,Positive,Part III
8008000645,800802101020545,Five Year Time Deposits Interest,Payment Side,Positive,Part III
8008000745,800802101030045,Cumulative Time Deposit Interest,Payment Side,Positive,Part III
8008000845,800802101030145,Five Year Cumulative Time Deposits Interest,Payment Side,Positive,Part III
8008000945,800802101030245,Ten Year Cumulatiave Time Deposits Interest,Payment Side,Positive,Part III
8008001045,800802101030345,Fifteen Year Cumulative Time Deposits Interest,Payment Side,Positive,Part III
8008001145,800802101040045,Post Office Recurring Deposits Interest,Payment Side,Positive,Part III
8008001245,800802101050045,National Savings Scheme 1987 Interest,Payment Side,Positive,Part III
8008001445,800802101070045,National Savings Scheme1992 Interest,Payment Side,Positive,Part III
8008001545,800802101080045,Senior Citizens Savings Scheme-2004 Interest,Payment Side,Positive,Part III
8008001645,800802101090045,Sukanya Samridhi Account Interest,Payment Side,Positive,Part III
8008001745,800802101100045,PM Cares for Children Interest,Payment Side,Positive,Part III
8008001845,800802102010145,10 Year Defence Deposits Certificates Interest,Payment Side,Positive,Part III
8008001945,800802102020145,5 Year Po Cash Certificates Interest,Payment Side,Positive,Part III
8008002045,800802102020245,12 Year NSC Interest,Payment Side,Positive,Part III
8008002145,800802102020345,10 Year NSC Interest,Payment Side,Positive,Part III
8008002245,800802102020445,5 Year NSC Interest,Payment Side,Positive,Part III
8008002345,800802102020545,12 Year NDSC Interest,Payment Side,Positive,Part III
8782003700,878200121010100,CBS to PLI Cleared,Payment Side,Positive,Part III
8008002445,800802102020645,10 Year PO DSC Interest,Payment Side,Positive,Part III
8008002545,800802102030045,National Development BondsInterest,Payment Side,Positive,Part III
8008002845,800802102060145,PO 10 Year National Plan Savings Certificates Interest,Payment Side,Positive,Part III
8008002945,800802102060245,PO 12 Year National Plan Savings Certificates Interest,Payment Side,Positive,Part III
8008003045,800802102070045,Post Office National Defence Certificates Interest,Payment Side,Positive,Part III
8008003145,800802102080145,7 Year NSC I Series Interest,Payment Side,Positive,Part III
8008003245,800802102080245,7 Year NSC IInd Issue Interest,Payment Side,Positive,Part III
8008003545,800802102080545,7 Year NSC Vth Issue Interest,Payment Side,Positive,Part III
8008003645,800802102080645,6 Year NSC Vith Issue Interest,Payment Side,Positive,Part III
8008003745,800802102080745,6 Year NSC VIIth Issue Interest,Payment Side,Positive,Part III
8008003845,800802102080845,10 Year SSC Interest,Payment Side,Positive,Part III
8008003945,800802102080945,Kisan Vikas Patra Interest,Payment Side,Positive,Part III
8008004045,800802102081045,6 Year NSC VIIIth Issue Interest,Payment Side,Positive,Part III
8008004145,800802102081145,Indira Vikas Patra Interest,Payment Side,Positive,Part III
8008004245,800802102081245,NSC 9th Issue 10 years Interest,Payment Side,Positive,Part III
8008004345,800802102081345,Kisan Vikas Patra-2014-interest,Payment Side,Positive,Part III
8008004445,800802102081445,Mahila Samman Savings Certificate Interest,Payment Side,Positive,Part III
8008004545,800802103000045,Public Provident Fund Interest,Payment Side,Positive,Part III
8008004649,800803103010149,Payment of Commission To SAS Agents,Payment Side,Positive,Part III
8008004749,800803103010249,Payment of Commission To GDSBPM/SPM,Payment Side,Positive,Part III
8008004849,800803103010349,Payment of Commission To MPKBY Agents,Payment Side,Positive,Part III
8008004949,800803103010749,Commission Paid To Agents for NSC,Payment Side,Positive,Part III
8008005300,800804800010000,Fee for Issue of Duplicate Pass Book,Receipt Side,Negative,Part III
8008005400,800804800020000,Collection Charges Outstation Cheques,Receipt Side,Negative,Part III
8008005500,800804800030000,Deduction on Account of Premature Withdrawals.,Receipt Side,Negative,Part III
8008005600,800804800040000,Account Transfer Fee.,Receipt Side,Negative,Part III
8012000200,801200110010000,Special Deposits and Accounts CDS (ITP1963)-Payments,Payment Side,Positive,Part III
8661000900,866100101610100,CGST-Collection on Banking and Finance Services,Receipt Side,Positive,Part III
8661001000,866100101610300,SGST-Collection on Banking and Finance Services,Receipt Side,Positive,Part III
8661001100,866100101610500,UTGST-Collection on Banking and Finance Services,Receipt Side,Positive,Part III
8661001200,866100101610700,IGST-Collection on Banking and Finance Services,Receipt Side,Positive,Part III
8661001300,866100101611000,Remittance CGST-Banking & Finance Services,Payment Side,Negative,Part III
8661001400,866100101611100,Remittance SGST-Banking & Finance Services,Payment Side,Negative,Part III
8661001500,866100101611200,Remittance UTGST-Banking & Finance Services,Payment Side,Negative,Part III
8661001600,866100101611300,Remittance IGST-Banking & Finance Services,Payment Side,Negative,Part III
1201013600,120100800423500,POSB_Cheque Book Issuance Fee,Receipt Side,Positive,Part I
8001000500,800100106000000,Post Office Time Deposits( 1 Year) TD-Receipts,Receipt Side,Positive,Part III
8001000600,800100106000000,Post Office Time Deposits( 1 Year) TD-Payments,Payment Side,Positive,Part III
8001000700,800100107000000,Post Office Time Deposits (2 Years)-Receipts,Receipt Side,Positive,Part III
8001000800,800100107000000,Post Office Time Deposits (2 Years)-Payments,Payment Side,Positive,Part III
8001000900,800100108000000,Post Office Time Deposits (3 Years)-Receipts,Receipt Side,Positive,Part III
8001001000,800100108000000,Post Office Time Deposits (3 Years)-Payments,Payment Side,Positive,Part III
8001001100,800100109000000,Post Office Time Deposits (5 Years)-Receipts,Receipt Side,Positive,Part III
2235000149,223560103010049,Protected Savings Schemes-Other Revenue Expenditure,Payment Side,Positive,Part I
2235000249,223560103010049,Reversal of Protected Savings Schemes-Other Revenue Expenses,Receipt Side,Negative,Part I
8008006245,800802101010145,Recovery of Post Office Saving Bank Deposits Interest,Receipt Side,Negative,Part III
8008006345,800802101020145,Recovery of Fixed And Time Deposits Interest,Receipt Side,Negative,Part III
8008006445,800802101020245,Recovery of One Year Time Deposits Interest,Receipt Side,Negative,Part III
8008006545,800802101020345,Recovery of Two Year Time Deposits Interest,Receipt Side,Negative,Part III
8008006645,800802101020445,Recovery of Three Year Time Deposits Interest,Receipt Side,Negative,Part III
8008006745,800802101020545,Recovery of Five Year Time Deposits Interest,Receipt Side,Negative,Part III
8008006845,800802101030145,Recovery of Five Year Cumulative Time Deposits Interest,Receipt Side,Negative,Part III
8008006945,800802101030245,Recovery of Ten Year Cumulatiave Time Deposits Interest,Receipt Side,Negative,Part III
8008007045,800802101030345,Recovery of Fifteen Year Cumulative Time Deposits Interest,Receipt Side,Negative,Part III
8008007145,800802101040045,Recovery of Post Office Recurring Deposits Interest,Receipt Side,Negative,Part III
8008007245,800802101050045,Recovery of National Savings Scheme 1987 Interest,Receipt Side,Negative,Part III
8008007345,800802101060045,Recovery of Monthly Income Scheme Interest,Receipt Side,Negative,Part III
8008007445,800802101070045,Recovery of National Savings Scheme1992 Interest,Receipt Side,Negative,Part III
8008007545,800802101080045,Recovery of Senior Citizens Savings Scheme-2004 Interest,Receipt Side,Negative,Part III
8008007645,800802101090045,Recovery of Sukanya Samridhi Account Interest,Receipt Side,Negative,Part III
8008007745,800802101100045,Recovery of PM Cares for Children Interest,Receipt Side,Negative,Part III
8443000200,844300800590000,Money Remitted by PFRDA-Employee Contribution- Payments,Payment Side,Positive,Part III
8008007845,800802102010145,Recovery of 10 Year Defence Deposits Certificates Interest,Receipt Side,Negative,Part III
8008007945,800802102020145,Recovery of 5 Year Po Cash Certificates Interest,Receipt Side,Negative,Part III
8008008045,800802102020245,Recovery of 12 Year NSC Interest,Receipt Side,Negative,Part III
8008008145,800802102020345,Recovery of 10 Year NSC Interest,Receipt Side,Negative,Part III
8008008245,800802102020445,Recovery of 5 Year NSC Interest,Receipt Side,Negative,Part III
8008008345,800802102020545,Recovery of 12 Year NDSC Interest,Receipt Side,Negative,Part III
8008008445,800802102030045,Recovery of National Development BondsInterest,Receipt Side,Negative,Part III
8008008545,800802102040045,Recovery of National Savings Annuity Certificates Interest,Receipt Side,Negative,Part III
8008008645,800802102060145,Recovery of 10 Yr National Plan Savings Certificate Interest,Receipt Side,Negative,Part III
8008008745,800802102060245,Recovery of 12 Yr National Plan Savings Certificate Interest,Receipt Side,Negative,Part III
8008008845,800802102080145,Recovery of 7 Year NSC I Series Interest,Receipt Side,Negative,Part III
8008008945,800802102080245,Recovery of 7 Year NSC IInd Issue Interest,Receipt Side,Negative,Part III
8008009045,800802102080345,Recovery of 7 Year NSC IIIrd Issue Interest,Receipt Side,Negative,Part III
8008009145,800802102080445,Recovery of 7 Year NSC IVth Issue Interest,Receipt Side,Negative,Part III
8008009245,800802102080545,Recovery of 7 Year NSC Vth Issue Interest,Receipt Side,Negative,Part III
8008009345,800802102080645,Recovery of 6 Year NSC Vith Issue Interest,Receipt Side,Negative,Part III
8008009445,800802102080745,Recovery of 6 Year NSC VIIth Issue Interest,Receipt Side,Negative,Part III
8008009545,800802102080845,Recovery of 10 Year SSC Interest,Receipt Side,Negative,Part III
8008009645,800802102080945,Recovery of Kisan Vikas Patra Interest,Receipt Side,Negative,Part III
8008009745,800802102081045,Recovery of 6 Year NSC VIIIth Issue Interest,Receipt Side,Negative,Part III
8008009845,800802102081145,Recovery of Indira Vikas Patra Interest,Receipt Side,Negative,Part III
8008009945,800802102081245,Recovery of NSC 9th Issue 10 years Interest,Receipt Side,Negative,Part III
8008010045,800802102081345,Recovery of Kisan Vikas Patra-2014-interest,Receipt Side,Negative,Part III
8008010145,800802102081445,Recovery of Mahila Samman Savings Certificate Interest,Receipt Side,Negative,Part III
8008010245,800802103000045,Recovery of Public Provident Fund Interest,Receipt Side,Negative,Part III
8008010349,800803103010149,Reversal of Payment of Commission To SAS Agents,Receipt Side,Negative,Part III
8008010449,800803103010349,Reversal of Payment of Commission To MPKBY Agents,Receipt Side,Negative,Part III
8008010549,800803103010749,Reversal of Commission Paid To Agents for NSC,Receipt Side,Negative,Part III
8008010600,800804800010000,Reversal of Fee for Issue of Duplicate Pass Book,Payment Side,Negative,Part III
8008010700,800804800020000,Reversal of Collection Charges Outstation Cheques,Payment Side,Negative,Part III
8008010800,800804800030000,Reversal of PPF Default Fee,Payment Side,Negative,Part III
8008010900,800804800030000,Reversal of Deduction on Account of Premature Withdrawals.,Payment Side,Negative,Part III
8008011000,800804800030000,Reversal of SSA Default Fee,Payment Side,Negative,Part III
8008011100,800804800030000,Reversal of RD Rebate,Receipt Side,Positive,Part III
8008011200,800804800040000,Reversal of Account Transfer Fee.,Payment Side,Negative,Part III
8661010300,866100101610100,Reversal of CGST-Collection on Banking and Finance Services,Payment Side,Negative,Part III
8661010400,866100101610300,Reversal of SGST-Collection on Banking and Finance Services,Payment Side,Negative,Part III
8661010500,866100101610700,Reversal of IGST-Collection on Banking and Finance Services,Payment Side,Negative,Part III
8661010600,866100101611000,Reversal of Remittance CGST-Banking & Finance Services,Receipt Side,Positive,Part III
8661010700,866100101611100,Reversal of Remittance SGST-Banking & Finance Services,Receipt Side,Positive,Part III
8661010800,866100101611300,Reversal of Remittance IGST-Banking & Finance Services,Receipt Side,Positive,Part III
8782005000,878200121010700,RSAO_POSB_JSS_Receipts,Receipt Side,Positive,Part III
8782005100,878200121010700,RSAO_POSB_JSS_Payments,Payment Side,Positive,Part III
8782005200,878200121010700,RSAO_POSB_NEFT & RTGS_Receipts,Receipt Side,Positive,Part III
8782005300,878200121010700,RSAO_POSB_NEFT & RTGS_Payments,Payment Side,Positive,Part III
8446015700,844600101200200,Advance Deposit-FO Wallet-Cleared,Payment Side,Positive,Part III
8446016100,844600101200200,Partial Amount received from BNPL Customer-Cleared,Payment Side,Positive,Part III
8011000100,801100103000000,CGEGIS_Contributions,Receipt Side,Positive,Part III
8016004000,801602106010400,Price Differntial (Profit) _ Bonds through SBI-RPLI,Receipt Side,Positive,Part III
8016004100,801602106010500,Price Differntial (profit) _ Other instruments thr SBI-RPLI,Receipt Side,Positive,Part III
8553001200,855301101010000,Recovery of Fraudlent Amount-POSB,Receipt Side,Positive,Part III
8661008100,866100140400100,Digital Payments-JPP(Railways),Receipt Side,Positive,Part III
8661008200,866100140400100,Digital Payments-JPP(Railways)-DFC,Payment Side,Negative,Part III
8783000100,878300101010100,Collection On Sale Of Railway Tickets,Receipt Side,Positive,Part III
1201007600,120100800011300,Print to Post Service,Receipt Side,Positive,Part I
3451000163,345100091060063,IAT-DOT Audit share,Payment Side,Positive,Part I
9449000300,4903118030000,Interest on Other Motor Conveyance,Receipt Side,Positive,Part I
9449000400,4903118050000,Interest on Personal Computer Advance,Receipt Side,Positive,Part I
9449000500,4903900010100,Refund-Interest on House Building Advance,Payment Side,Negative,Part I
9449000700,4903900010300,Refund-Interest on Other Motor Conveyance,Payment Side,Negative,Part I
9449000800,4903900010700,Refund_Interest on Personal Computer Advance,Payment Side,Negative,Part I
9470000100,7060118000000,Receipts under RTI Act-2005,Receipt Side,Positive,Part I
9471000100,7101500010000,Contribution towards NPS from Salaries,Receipt Side,Positive,Part I
9471000200,7101500010000,Deduct-NPS Contribution Payment to NSDL,Payment Side,Negative,Part I
9471000300,7101500020000,Subscription for Service Discharge Benefit Scheme,Receipt Side,Positive,Part I
9471000400,7101500020000,Deduct-SDBS Contribution Payment to NSDL,Payment Side,Negative,Part I
9471000500,7101800010000,Return on Govt Contribution-Received from PFRDA,Receipt Side,Positive,Part I
9475000100,7500800010000,Penal Interest for delayed remitt./excess claim,Receipt Side,Positive,Part I
9475000200,7500900000000,Deduct Refunds on Miscellaneous General Services,Payment Side,Negative,Part I
9210000100,21001103000000,Contributions for Central Government Health Scheme,Receipt Side,Positive,Part I
9216000100,21601106020000,General Pool Accomodation Rent/Licence Fee,Receipt Side,Positive,Part I
1201000100,120100101010100,Postage Realized in Cash for Ordinary Services,Receipt Side,Positive,Part I
1201000200,120100101010100,Recall of Inland Articles,Receipt Side,Positive,Part I
1201000600,120100101020100,PRC-Speed Post,Receipt Side,Positive,Part I
1201000700,120100101020100,Speed Post- Cash On Delivery Fee,Receipt Side,Positive,Part I
1201000800,120100101020100,PRC-Business reply Speed Post articles,Receipt Side,Positive,Part I
1201000900,120100101030100,PRC-Business Post,Receipt Side,Positive,Part I
1201001000,120100101060000,PRC-Direct Post,Receipt Side,Positive,Part I
1201001100,120100101090000,PRC-Bill Mail Service,Receipt Side,Positive,Part I
1201001200,120100101100100,Sale of Postage Stamps,Receipt Side,Positive,Part I
1201001300,120100101100100,Deduct Prepaid Postage stamps affixed on articles,Payment Side,Negative,Part I
1201011300,120100101220100,Specific Delivery Charges,Receipt Side,Positive,Part I
1201009000,120100800130200,Revenue - Logistics Post (Air Services),Receipt Side,Positive,Part I
1201009100,120100800170200,Commission on UTI Mutual Fund,Receipt Side,Positive,Part I
2071001270,207101911000070,Telecom Pension_Deduct - Recoveries of Overpayments of Prev. Years,Receipt Side,Negative,Part I
8446022400,844600102330000,CGST-Collection on Courier Services_Cont.Cust,Receipt Side,Positive,Part III
8446022500,844600102330000,SGST-Collection on Courier Services_Cont.Cust,Receipt Side,Positive,Part III
8446022600,844600102330000,UTGST-Collection on Courier Services_Cont.Cust,Receipt Side,Positive,Part III
8446022700,844600102330000,IGST-Collection on Courier Services_Cont.Cust,Receipt Side,Positive,Part III
8446022800,844600102360000,CGST-Collection on Business Auxiliary Services_Cont.Cust,Receipt Side,Positive,Part III
8446022900,844600102360000,SGST-Collection on Business Auxiliary Services_Cont.Cust,Receipt Side,Positive,Part III
8446023000,844600102360000,UTGST-Collection on Business Auxiliary Services_Cont.Cust,Receipt Side,Positive,Part III
8446023100,844600102360000,IGST-Collection on Business Auxiliary Services_Cont.Cust,Receipt Side,Positive,Part III
8553000600,855301101010000,EJ Manipulation Frauds Payments-Cleared,Receipt Side,Positive,Part III
8553000700,855301101010000,Payment to Card cloning Frauds,Payment Side,Positive,Part III
8553000800,855301101010000,Card cloning Frauds Payments-Cleared,Receipt Side,Positive,Part III
8553000900,855301101010000,Payments in Electrical/Civil Wings for Other Circle offices,Payment Side,Positive,Part III
8553001000,855301101010000,Electrical/Civil Wings Payment for Other Circles Cleared,Receipt Side,Positive,Part III
8671005700,867100102010000,Receipt of Revenue/NonPostal Stamps,Receipt Side,Positive,Part III
1201015500,120100101010100,Registration Fee,Receipt Side,Positive,Part I
1201015600,120100101010100,OTP Based Delivery Fee,Receipt Side,Positive,Part I
8009000200,800901101010100,GPF Ordinary Subscriptions And Recoveries-Payments,Payment Side,Positive,Part III
8671000600,867100102010000,Stamp received,Receipt Side,Positive,Part III
7610000455,761000204010055,Purchase of Computers-Loans And Advances-Payments,Payment Side,Positive,Part I
8661007400,866100140360000,RTGS inward return pool account-DFC,Payment Side,Negative,Part III
8011000200,801100103010000,CGEGIS_Savings Fund Payment,Payment Side,Positive,Part III
8011000600,801100103050100,GDSGIS_Savings Fund Payment,Payment Side,Positive,Part III
8011000700,801100103050200,GDSGIS_Insurance Fund Payment,Payment Side,Positive,Part III
8015000100,801501101000000,Investments of Net PLI Corpus in Securities-Receipts,Receipt Side,Positive,Part III
8015000200,801501101000000,Investments of Net PLI Corpus in Securities-Payments,Payment Side,Positive,Part III
8015000300,801501102000000,Investments of Net RPLI Corpus in Securities-Receipts,Receipt Side,Positive,Part III
8015000400,801501102000000,Investments of Net RPLI Corpus in Securities-Payments,Payment Side,Positive,Part III
8015000500,801502101010000,Investments PLI In Government Securities-Receipts,Receipt Side,Positive,Part III
8015000600,801502101010000,Investments PLI In Government Securities-Payments,Payment Side,Positive,Part III
8015000700,801502101020000,Investments PLI in Other approved Securities-Receipts,Receipt Side,Positive,Part III
8015000800,801502101020000,Investments PLI in Other approved Securities-Payments,Payment Side,Positive,Part III
8015000900,801502101030000,Investments PLI in Infrastructure Sector-Receipts,Receipt Side,Positive,Part III
8015001000,801502101030000,Investments PLI in Infrastructure Sector-Payments,Payment Side,Positive,Part III
8015001100,801502101040000,Investments PLI in Social Sector-Receipts,Receipt Side,Positive,Part III
8015001200,801502101040000,Investments PLI in Social Sector-Payments,Payment Side,Positive,Part III
8015001300,801502101050000,Investments PLI in Equity Bonus shares-Receipts,Receipt Side,Positive,Part III
8015001400,801502101050000,Investments PLI in Equity Bonus shares-Payments,Payment Side,Positive,Part III
8015001500,801502101060000,Investments PLI in Debentures & Bonds-Receipts,Receipt Side,Positive,Part III
8661003300,866100101640100,CGST-Collection on Business Auxiliary Services,Receipt Side,Positive,Part III
8661003500,866100101640500,UTGST-Collection on Business Auxiliary Services,Receipt Side,Positive,Part III
8661003600,866100101640700,IGST-Collection on Business Auxiliary Services,Receipt Side,Positive,Part III
8661003700,866100101641000,Remittance CGST-Business Auxiliary Servicces,Payment Side,Negative,Part III
8015001600,801502101060000,Investments PLI in Debentures & Bonds-Payments,Payment Side,Positive,Part III
8015001700,801502102010000,Investments RPLI In Government Securities-Receipts,Receipt Side,Positive,Part III
8015001800,801502102010000,Investments RPLI In Government Securities-Payments,Payment Side,Positive,Part III
8015001900,801502102020000,Investments RPLI in Other approved Securities-Receipts,Receipt Side,Positive,Part III
8015002000,801502102020000,Investments RPLI in Other approved Securities-Payments,Payment Side,Positive,Part III
8015002100,801502102030000,Investments RPLI in Infrastructure Sector-Receipts,Receipt Side,Positive,Part III
8015002200,801502102030000,Investments RPLI in Infrastructure Sector-Payments,Payment Side,Positive,Part III
8015002300,801502102040000,Investments RPLI in Social Sector-Receipts,Receipt Side,Positive,Part III
8015002400,801502102040000,Investments RPLI in Social Sector-Payments,Payment Side,Positive,Part III
8015002500,801502102050000,Investments RPLI in Equity Bonus shares-Receipts,Receipt Side,Positive,Part III
8015002600,801502102050000,Investments RPLI in Equity Bonus shares-Payments,Payment Side,Positive,Part III
8015002700,801502102060000,Investments RPLI in Debentures & Bonds-Receipts,Receipt Side,Positive,Part III
8015002800,801502102060000,Investments RPLI in Debentures & Bonds-Payments,Payment Side,Positive,Part III
1201015800,120100101020100,48 Speed Post_DDD,Receipt Side,Positive,Part I
8015002900,801502103000000,Investment Net PLI Fund in Fixed/Term Deposits-Receipts,Receipt Side,Positive,Part III
8015003000,801502103000000,Investment Net PLI Fund in Fixed/Term Deposits-Payments,Payment Side,Positive,Part III
8015003200,801502104000000,Investment Net PLI Fund in Other Investments-Payments,Payment Side,Positive,Part III
8015003300,801503101010000,PLI Investments In Government Securities-Receipts,Receipt Side,Positive,Part III
8015003400,801503101010000,PLI Investments In Government Securities-Payments,Payment Side,Positive,Part III
8015003500,801503101020000,PLI Investments In other Approved Securities-Receipts,Receipt Side,Positive,Part III
8015003600,801503101020000,PLI Investments In other Approved Securities-Payments,Payment Side,Positive,Part III
8015003700,801503101030000,PLI Investments in Infrastructure Sector.-Receipts,Receipt Side,Positive,Part III
8015003800,801503101030000,PLI Investments in Infrastructure Sector.-Payments,Payment Side,Positive,Part III
8015003900,801503101040000,PLI Investments in Social Sector.-Receipts,Receipt Side,Positive,Part III
8015004000,801503101040000,PLI Investments in Social Sector.-Payments,Payment Side,Positive,Part III
8015004100,801503101050000,PLI Invest in Eq./Pref. Share/Recpt of Bonus Share-Receipts,Receipt Side,Positive,Part III
8015004200,801503101050000,PLI Invest in Eq./Pref. Share/Recpt of Bonus Share-Payments,Payment Side,Positive,Part III
8015004300,801503101060000,PLI Investments in Debentures & Bonds.-Receipts,Receipt Side,Positive,Part III
8015004400,801503101060000,PLI Investments in Debentures & Bonds.-Payments,Payment Side,Positive,Part III
8015004500,801503102010000,RPLI Investments In Government Securities-Receipts,Receipt Side,Positive,Part III
8015004600,801503102010000,RPLI Investments In Government Securities-Payments,Payment Side,Positive,Part III
9421001800,2100102150000,"Reversal of IT TDS from Commission, Brokerage under 194-H",Payment Side,Negative,Part I
5465000154,546501190430154,Investment in IPPB,Payment Side,Positive,Part I
7610000155,761000201010055,Purchase House Building-Loans And Advances-Receipts,Receipt Side,Positive,Part I
7610000255,761000201010055,Purchase House Building-Loans And Advances-Payments,Payment Side,Positive,Part I
7610000355,761000204010055,Purchase of Computers-Loans And Advances-Receipts,Receipt Side,Positive,Part I
8001000100,800100101010000,Post Office Savings Bank Account -Receipts,Receipt Side,Positive,Part III
8001000200,800100101010000,Post Office Savings Bank Account -Payments,Payment Side,Positive,Part III
8001001800,800100112010000,National Savings Scheme 1987-Payments,Payment Side,Positive,Part III
8001001900,800100112020000,National Savings Scheme 1992-Receipts,Receipt Side,Positive,Part III
8001002000,800100112020000,National Savings Scheme 1992-Payments,Payment Side,Positive,Part III
8001002100,800100112030100,PO 5 Year CTD-Receipts,Receipt Side,Positive,Part III
8001002200,800100112030100,PO 5 Year CTD-Payments,Payment Side,Positive,Part III
8001002300,800100112030200,PO 10 Year CTD -Receipts,Receipt Side,Positive,Part III
8001002400,800100112030200,PO 10 Year CTD-Payments,Payment Side,Positive,Part III
8001002500,800100112030300,PO 15 Year CTD-Receipts,Receipt Side,Positive,Part III
8001002600,800100112030300,PO 15 Year CTD-Payments,Payment Side,Positive,Part III
8001002700,800100113010000,Sukanya Samriddhi Account-Receipts,Receipt Side,Positive,Part III
8001002800,800100113010000,Sukanya Samriddhi Account-Payments,Payment Side,Positive,Part III
8001002900,800100114010100,PCFTD Account- Receipts,Receipt Side,Positive,Part III
8001003000,800100114010100,PCFTD Account-Payments,Payment Side,Positive,Part III
8001003100,800100114010200,PCMIS Account-Receipts,Receipt Side,Positive,Part III
8014000200,801401102020100,PLI-WLA payments-Death Claim,Payment Side,Positive,Part III
8008003345,800802102080345,7 Year NSC IIIrd Issue Interest,Payment Side,Positive,Part III
8008003445,800802102080445,7 Year NSC IVth Issue Interest,Payment Side,Positive,Part III
8677000200,867700102010000,Remittance to Bank _Cleared Cheque,Payment Side,Positive,Part III
8671004000,867100102010000,Receipts Pending for classification,Receipt Side,Positive,Part III
8001001200,800100109000000,Post Office Time Deposits (5 Years)-Payments,Payment Side,Positive,Part III
8001001300,800100110000000,Post Office Monthly Income Account-Receipts,Receipt Side,Positive,Part III
8001001400,800100110000000,Post Office Monthly Income Account-Payments,Payment Side,Positive,Part III
8001001500,800100111000000,Senior Citizen Savings Scheme-Receipts,Receipt Side,Positive,Part III
8008002645,800802102040045,National Savings Annuity Certificates Interest,Payment Side,Positive,Part III
8008002745,800802102050045,Post Office National Plan Certificates Interest,Payment Side,Positive,Part III
8671001800,867100102010000,HR to CBS- In transit,Receipt Side,Positive,Part III
8671001900,867100102010000,HR to CBS Cleared,Payment Side,Positive,Part III
8671002000,867100102010000,Vendor Payment to CBS- In transit,Receipt Side,Positive,Part III
8671002100,867100102010000,Vendor Payment to CBS Cleared,Payment Side,Positive,Part III
8782000700,878200121010700,RSAO_POSB_Debit,Payment Side,Positive,Part III
8782000800,878200121010700,RSAO_POSB_Credit,Receipt Side,Positive,Part III
8008005700,800804800030000,RD Default Fee,Receipt Side,Negative,Part III
8008005800,800804800030000,RD Rebate,Payment Side,Positive,Part III
8008005900,800804800030000,SSA Default Fee,Receipt Side,Negative,Part III
9421000400,2100102140000,IT TDS from Interest Payments under 194-A,Receipt Side,Positive,Part I
8015004700,801503102020000,RPLI Investments In other Approved Securities-Receipts,Receipt Side,Positive,Part III
8015004800,801503102020000,RPLI nvestments In other Approved Securities-Payments,Payment Side,Positive,Part III
8015004900,801503102030000,RPLI Investments in Infrastructure Sector.-Receipts,Receipt Side,Positive,Part III
8015005000,801503102030000,RPLI Investments in Infrastructure Sector.-Payments,Payment Side,Positive,Part III
8015005100,801503102040000,RPLI Investments in Social Sector.-Receipts,Receipt Side,Positive,Part III
8015005200,801503102040000,RPLI Investments in Social Sector.-Payments,Payment Side,Positive,Part III
8014004300,801402105010000,RPLI-AEA Premium Receipts and Recoveries-First Year Premium,Receipt Side,Positive,Part III
8014007300,801402105010000,RPLI-AEA Premium Receipts and Recoveries-Renewal Premium,Receipt Side,Positive,Part III
8016010200,801606102020200,Payment of Legal / MIscellaneous Charges-RPLI,Payment Side,Positive,Part III
9421000500,2100102150000,"IT TDS from Commission, Brokerage under 194-H",Receipt Side,Positive,Part I
1201004800,120100200060100,Rent & Taxes,Receipt Side,Positive,Part I
8782004800,878200121010700,RSAOâ€“POSB IT TDSâ€“ Receipts,Receipt Side,Positive,Part III
8782004900,878200121010700,RSAO- POSB IT TDS - Payments,Payment Side,Positive,Part III
1201013700,120100800423500,POSB_Statement Generation Fee,Receipt Side,Positive,Part I
1201013800,120100800423500,POSB_Pledging Fee,Receipt Side,Positive,Part I
8446015800,844600101200200,BO New Account Opening Wallet,Receipt Side,Positive,Part III
8446002200,844600101360000,DBT Credit Failure_Cleared,Payment Side,Positive,Part III
8446002100,844600101360000,DBT Credit Failure,Receipt Side,Positive,Part III
8008006000,800804800030000,PPF Default Fee,Receipt Side,Positive,Part III
8671005000,867100102010000,POSB Payment Cheque issued,Payment Side,Positive,Part III
8671005100,867100102010000,POSB/SC Closure Proceeds through Cash,Payment Side,Positive,Part III
8661007500,866100140360000,Operational risk loss account,Payment Side,Negative,Part III
8671004900,867100102010000,POSB Payment Cheque requested,Receipt Side,Positive,Part III
8015005300,801503102050000,RPLI Invest in Eq./Pref Share/Recpt of Bonus Shares-Receipts,Receipt Side,Positive,Part III
8015005400,801503102050000,RPLI Invest in Eq./Pref Shares/Recpt of Bonus Shares-Payment,Payment Side,Positive,Part III
8015005500,801503102060000,RPLI Investments in Debentures & Bonds.-Receipts,Receipt Side,Positive,Part III
8015005600,801503102060000,RPLI Investments in Debentures & Bonds.-Payments,Payment Side,Positive,Part III
8015005700,801503103000000,RPLI Investments in Fixed/Term Deposits.-Receipts,Receipt Side,Positive,Part III
8015005800,801503103000000,RPLI Investments in Fixed/Term Deposits.-Payments,Payment Side,Positive,Part III
8015005900,801503104000000,RPLI Other Investments.-Receipts,Receipt Side,Positive,Part III
8015006000,801503104000000,RPLI Other Investments.-Payments,Payment Side,Positive,Part III
8016000100,801601101000000,Interest Income on Balance PLI Funds/Corpus-31.10.2009,Receipt Side,Positive,Part III
8016000200,801601102000000,Interest income on Net PLI Fund from Securities,Receipt Side,Positive,Part III
8016000300,801601103010000,Int. income on Net PLI Fund investmnt thr SBI FMC Securities,Receipt Side,Positive,Part III
8016000400,801601103020000,Int. Income on Net PLI Fund investmet thr UTI FMC Securities,Receipt Side,Positive,Part III
8016000600,801601105010000,Dividend income PLI Funds in Equity Shares through SBI FMC,Receipt Side,Positive,Part III
8016000700,801601105020000,Dividend Income PLI Funds in Equity Shares through UTI FMC,Receipt Side,Positive,Part III
8016000800,801601106010100,Price Differntial (Profit) _ Equity Shares through SBI-PLI,Receipt Side,Positive,Part III
8016000900,801601106010200,Price Differntial (profit) _ Tradable Securities thr SBI-PLI,Receipt Side,Positive,Part III
8016001000,801601106010300,Price Differntial (profit) _ Debentures through SBI-PLI,Receipt Side,Positive,Part III
8016001100,801601106010400,Price Differntial (Profit) _ Bonds through SBI-PLI,Receipt Side,Positive,Part III
8016001200,801601106010500,Price Differntial (profit) _ Other instruments thr SBI-PLI,Receipt Side,Positive,Part III
8016001300,801601106020100,Price Differntial (profit) _ Equity Shares through UTI-PLI,Receipt Side,Positive,Part III
8016001400,801601106020200,Price Differntial (profit) _ Tradable Securities thr UTI-PLI,Receipt Side,Positive,Part III
8016001500,801601106020300,Price Differntial (profit) _ Debentures through UTI-PLI,Receipt Side,Positive,Part III
8016001600,801601106020400,Price Differntial (profit) _ Bonds through UTI-PLI,Receipt Side,Positive,Part III
8016001700,801601106020500,Price Differntial (profit) _ Other instruments thr UTI-PLI,Receipt Side,Positive,Part III
8016001800,801601107010100,Price Differntial (losses) _ Equity Shares through SBI-PLI,Payment Side,Positive,Part III
8016001900,801601107010200,Price Differntial (losses) _ Tradable Securities thr SBI-PLI,Payment Side,Positive,Part III
8016002000,801601107010300,Price Differntial (losses) _ Debentures through SBI-PLI,Payment Side,Positive,Part III
8016002100,801601107010400,Price Differntial (losses) _ Bonds through SBI-PLI,Payment Side,Positive,Part III
8016002200,801601107010500,Price Differntial (losses) _ Other instruments thr SBI-PLI,Payment Side,Positive,Part III
8016002300,801601107020100,Price Differntial (losses) _ Equity Shares through UTI-PLI,Payment Side,Positive,Part III
8016002400,801601107020200,Price Differntial (losses) _ Tradable Securities thr UTI-PLI,Payment Side,Positive,Part III
8016002500,801601107020300,Price Differntial (losses) _ Debentures through UTI-PLI,Payment Side,Positive,Part III
8016002600,801601107020400,Price Differntial (losses) _ Bonds through UTI-PLI,Payment Side,Positive,Part III
8016002700,801601107020500,Price Differntial (losses) _ Other instruments thr UTI-PLI,Payment Side,Positive,Part III
8016002800,801601108010000,Bonus Shares received on investments through SBI FMC Ltd.,Receipt Side,Positive,Part III
8016002900,801601108020000,Bonus Shares received on investments through UTI FMC Ltd.,Receipt Side,Positive,Part III
8016003000,801602101000000,Int.income on Balance RPLI Funds/Corpus as on 31.10.2009,Receipt Side,Positive,Part III
8016003100,801602102000000,Interst Income on investment of RPLI Fund in securities,Receipt Side,Positive,Part III
8016003200,801602103010000,Int.income on net RPLI investments thr SBI FMC Securities,Receipt Side,Positive,Part III
8016003300,801602103020000,Int. income on net RPLI investment thr UTI FMC Securities,Receipt Side,Positive,Part III
8016003400,801602104000000,RPLI interset income on Loans to the RPLI policy holders,Receipt Side,Positive,Part III
8016003500,801602105010000,Dividend Income on investment in Shares through SBI FMC Ltd.,Receipt Side,Positive,Part III
8016003600,801602105020000,Dividend Income on investment in Shares through UTI FMC Ltd.,Receipt Side,Positive,Part III
8016003700,801602106010100,Price Differntial (Profit) _ Equity Shares through SBI-RPLI,Receipt Side,Positive,Part III
8016003800,801602106010200,Price Differntial(profit) _ Tradable Securities thr SBI-RPLI,Receipt Side,Positive,Part III
8016003900,801602106010300,Price Differntial (profit) _ Debentures through SBI-RPLI,Receipt Side,Positive,Part III
8016004200,801602106020100,Price Differntial (profit) _ Equity Shares through UTI-RPLI,Receipt Side,Positive,Part III
8016004300,801602106020200,Price Differntial(profit) _ Tradable Securities thr UTI-RPLI,Receipt Side,Positive,Part III
8016004400,801602106020300,Price Differntial (profit) _ Debentures through UTI-RPLI,Receipt Side,Positive,Part III
8016004500,801602106020400,Price Differntial (profit) _ Bonds through UTI-RPLI,Receipt Side,Positive,Part III
8016004600,801602106020500,Price Differntial (profit) _ Other instruments thr UTI-RPLI,Receipt Side,Positive,Part III
8016004700,801602107010100,Price Differntial (losses) _ Equity Shares through SBI-RPLI,Payment Side,Positive,Part III
8016004800,801602107010200,Price Differntial(losses) _ Tradable Securities thr SBI-RPLI,Payment Side,Positive,Part III
8016004900,801602107010300,Price Differntial (losses) _ Debentures through SBI-RPLI,Payment Side,Positive,Part III
8016005000,801602107010400,Price Differntial (losses) _ Bonds through SBI-RPLI,Payment Side,Positive,Part III
8016005100,801602107010500,Price Differntial (losses) _ Other instruments thr SBI-RPLI,Payment Side,Positive,Part III
8016005200,801602107020100,Price Differntial (losses) _ Equity Shares through UTI-RPLI,Payment Side,Positive,Part III
8016011400,801606106010000,Pmt of Brokerage/commission to Brokers/agents of PLI Funds,Payment Side,Positive,Part III
8016011500,801606108010100,Infrastructure for IT 2.0 of PLI/RPLI,Payment Side,Positive,Part III
8016011600,801606108010200,Software solution for IT 2.0 of PLI/RPLI,Payment Side,Positive,Part III
8016011700,801606108010300,Other charges for IT 2.0 of PLI/RPLI,Payment Side,Positive,Part III
8336000100,833600101000000,Civil Deposit Security Deposit-Receipts,Receipt Side,Positive,Part III
8336000200,833600101000000,Civil Deposit Security Deposit-Payments,Payment Side,Positive,Part III
8443000100,844300800590000,Money Remitted by PFRDA-Employee Contribution- Receipts,Receipt Side,Positive,Part III
8443000400,844300103040000,Security Deposit in DOP-Payments,Payment Side,Positive,Part III
8446000100,844600101010000,Indian Postal orders-Receipts,Receipt Side,Positive,Part III
8446000200,844600101010000,Indian Postal orders-Payments,Payment Side,Positive,Part III
8446000300,844600101200000,DFB-Write back Cheque,Receipt Side,Positive,Part III
8446000400,844600101200000,DFB-Write back Cheque Clearing,Payment Side,Positive,Part III
8446000500,844600101200000,RTB-electronic payments return,Receipt Side,Positive,Part III
8446000600,844600101200000,RTB-electronic payments return clearing,Payment Side,Positive,Part III
8446000700,844600101200200,Advance Deposit- Philately,Receipt Side,Positive,Part III
8446000800,844600101200200,Advance Deposit- Philately-Cleared,Payment Side,Positive,Part III
8446001300,844600101200200,Advance Deposit-Other Miscellaneous,Receipt Side,Positive,Part III
8446001400,844600101200200,Advance Deposit-Other Miscellaneous-Cleared,Payment Side,Positive,Part III
8446001500,844600101200200,PMJJBY claim amount from LIC-Receipts,Receipt Side,Positive,Part III
8446001600,844600101200200,PMJJBY claim amount from LIC-Payments,Payment Side,Positive,Part III
8446001700,844600101200200,PMSBY claim amount from National Insurance co. Ltd-Receipts,Receipt Side,Positive,Part III
8671002200,867100102010000,PLI to CBS- In transit,Receipt Side,Positive,Part III
8446001800,844600101200200,PMSBY claim amount from National Insurance co. Ltd-Payments,Payment Side,Positive,Part III
8446001900,844600101200200,APY voluntary exit/Death amount from LIC-Receipts,Receipt Side,Positive,Part III
8446002000,844600101200200,APY voluntary exit/Death amountfrom LIC-Payments,Payment Side,Positive,Part III
8661003400,866100101640300,SGST-Collection on Business Auxiliary Services,Receipt Side,Positive,Part III
8446001200,844600101200200,Wallet Debit_Contractual Customer,Payment Side,Positive,Part III
8446002400,844600101360000,Payment to Union/Association,Payment Side,Positive,Part III
8446002500,844600101360000,Deduction for Welfare Fund,Receipt Side,Positive,Part III
8446002600,844600101360000,Payment to Welfare Fund,Payment Side,Positive,Part III
8446002700,844600101360000,Deduction for GDS Welfare Fund,Receipt Side,Positive,Part III
8446002800,844600101360000,Payment to GDS Welfare Fund,Payment Side,Positive,Part III
8446002900,844600101360000,Deduction for Postal/RMS Co-Op Societies,Receipt Side,Positive,Part III
8446003100,844600101360000,Deduction for Recreational Clubs,Receipt Side,Positive,Part III
8446003200,844600101360000,Payment to Recreational Clubs,Payment Side,Positive,Part III
8446003300,844600101360000,Deduction for Professional Taxes,Receipt Side,Positive,Part III
8446003400,844600101360000,Payment to Professional Taxes,Payment Side,Positive,Part III
8446003600,844600101360000,Payment to Relief Funds,Payment Side,Positive,Part III
8446003700,844600101360000,Deduction for Court Attachments,Receipt Side,Positive,Part III
8446003800,844600101360000,Payment to Court Attachments,Payment Side,Positive,Part III
8446003900,844600101360000,Deduction for Other Miscellaneous,Receipt Side,Positive,Part III
8446004000,844600101360000,Payment to Other Miscellaneous,Payment Side,Positive,Part III
8446004100,844600101510000,Social Security Pension Account-Receipts,Receipt Side,Positive,Part III
8446004200,844600101510000,Social Security Pension Account-payments,Payment Side,Positive,Part III
8446004300,844600101510000,Workers Wages Account under NREGS-Payments-Receipts,Receipt Side,Positive,Part III
8446004400,844600101510000,Workers Wages Account under NREGS-Payments-Payments,Payment Side,Positive,Part III
8446004500,844600101540100,Postal Deposit EMD Tenders - Vendor-Manual-Receipts,Receipt Side,Positive,Part III
8446004700,844600101550000,Postal Deposit Account Lock And Key of Post Boxes-Receipts,Receipt Side,Positive,Part III
8446004800,844600101550000,Postal Deposit Account Lock And Key of Post Boxes-Payments,Payment Side,Positive,Part III
8446004900,844600101590000,Postal Deposit Unpaid Wages-Receipts,Receipt Side,Positive,Part III
8446005000,844600101590000,Postal Deposit Unpaid Wages-Payments,Payment Side,Positive,Part III
8446012100,844600101950100,Net collection on service sale of Parcels,Receipt Side,Positive,Part III
8446012200,844600101950100,Payments made to suppliers under the service sale of parcels,Payment Side,Positive,Part III
8446012300,844600101950100,Retail Charges payable to the Dept.under the sale of parcels,Payment Side,Positive,Part III
8446012400,844600101950100,Deduct Taxes on Retail charges,Payment Side,Positive,Part III
8446012500,844600101960100,Gross Receipts From Print To Post Service,Receipt Side,Positive,Part III
8446012600,844600101960100,Payment Made To BP For Print To Post Service,Payment Side,Positive,Part III
8446012700,844600101960100,Commission Realised On Print To Post Service,Payment Side,Positive,Part III
8446012800,844600101960100,Deduct Taxes on Commission on Print to Post Service,Payment Side,Positive,Part III
8446012900,844600102010100,Grant For Quality of Service Fund Received From UPU-Receipts,Receipt Side,Positive,Part III
8446013000,844600102010100,Grant For Quality of Service Fund Received From UPU-Payments,Payment Side,Positive,Part III
4059000153,405960051170553,Infrastucture for POPSK from MEA-Major Works,Payment Side,Positive,Part I
8446013100,844600102060100,Adv. deposit received from booking of India Post Cotractual,Receipt Side,Positive,Part III
8446013200,844600102060100,PRC -India Post Contractual Parcel,Payment Side,Positive,Part III
8446013300,844600102060100,Amt refunded to bulk customer at the time of closur of A/cs,Payment Side,Positive,Part III
8446013400,844600102090100,Amount Withdrawn From SB A/C Under PMJJBY,Receipt Side,Positive,Part III
8446013500,844600102090100,Amount Remiited To LIC Under PMJJBY,Payment Side,Positive,Part III
8446013600,844600102090100,Deduct PMJJBY Revenue to be transferred to MH 1201,Payment Side,Positive,Part III
8446013700,844600102090100,Deduct Incentive Paid on PMJJBY,Payment Side,Positive,Part III
8446013800,844600102100100,Amount Withdrawan From SB A/C Under PMSBY,Receipt Side,Positive,Part III
8446013900,844600102100100,Amount Remitted To Lic On A/C Of PMSBY,Payment Side,Positive,Part III
8446014000,844600102100100,Deduct PMSBY Revenue to be transferred to MH 1201,Payment Side,Positive,Part III
8446014100,844600102100100,Deduct Incentive Paid on PMSBY,Payment Side,Positive,Part III
8446014200,844600102300100,Individual Contribution for APY including Penalty,Receipt Side,Positive,Part III
8446014300,844600102300100,Amount of Government Contribution credit for APY,Receipt Side,Positive,Part III
8446014400,844600102300100,Net Amount remitted to NSDL on account of APY,Payment Side,Positive,Part III
8446014500,844600102300100,APY Revenue to be transferred to MH 1201,Payment Side,Positive,Part III
8446014600,844600101990000,E-Booking Deposit Account-Receipts,Receipt Side,Positive,Part III
8446014700,844600101990000,E-Booking Deposit Account-Payments,Payment Side,Positive,Part III
8446014800,844600101610000,Postal Deposit Philatelic Bureau Deposit-Receipts,Receipt Side,Positive,Part III
8446014900,844600101610000,Postal Deposit Philatelic Bureau Deposit-Payments,Payment Side,Positive,Part III
8446015400,844600102240000,Settlement Account for PayU Payment Gateway-Receipts,Receipt Side,Positive,Part III
8446015500,844600102240000,Settlement Account for PayU Payment Gateway-Payments,Payment Side,Positive,Part III
8455000100,845500101010000,Initial Deposit received from IPPB,Receipt Side,Positive,Part III
8455000400,845500101020000,Settlement with IPPB for Net Deposits(Payments),Payment Side,Positive,Part III
8455000500,845500101020000,Settlement with IPPB for Net Withdrawals(Receipts),Receipt Side,Positive,Part III
8455000700,845500101030100,Amount Settled by IPPB for direct debiting IPPB account,Receipt Side,Positive,Part III
8455000900,845500101040100,Amount Settled by IPPB for Bharat QR Code Transaction,Receipt Side,Positive,Part III
8455001000,845500101050100,Amount Receivable from IPPB-POSB (Sweep out),Payment Side,Positive,Part III
8455001100,845500101050100,Amount settled by IPPB for Sweep out,Receipt Side,positive,Part III
8455001200,845500101050200,Amount Payable to IPPB-POSB(Sweep In),Receipt Side,Positive,Part III
8455001300,845500101050200,Amount settled by IPPB for Sweep In,payment Side,positive,Part III
8553000100,855301101010000,Payment to NFS Sponsor Bank Payments,Payment Side,Positive,Part III
8553000200,855301101010000,NFS Sponsor Bank Payments Cleared,Receipt Side,Positive,Part III
8553000300,855301101010000,Payment to Power Reset Frauds,Payment Side,Positive,Part III
8553000400,855301101010000,Power Reset Fraud payments -Cleared,Receipt Side,Positive,Part III
8553000500,855301101010000,Payment to EJ Manipulation Frauds,Payment Side,Positive,Part III
8553001100,855301101010000,Payment of Fraudlent Amount-POSB,Payment Side,Positive,Part III
8553001300,855301101010000,Payment of Fraudlent Amount-Insurance,Payment Side,Positive,Part III
8553001400,855301101010000,Recovery of Fraudlent Amount-Insurance,Receipt Side,Positive,Part III
8553001500,855301101010000,Payment of Fraudlent Amount-Postal Operations,Payment Side,Positive,Part III
8553001600,855301101010000,Recovery of Fraudlent Amount-Postal Operations,Receipt Side,Positive,Part III
8553001700,855301101010000,Payment of Fraudlent Amount-IPPB,Payment Side,Positive,Part III
8553001800,855301101010000,Recovery of Fraudlent Amount-IPPB,Receipt Side,Positive,Part III
8553001900,855301101010000,Payment of Fraudlent Amount-Other Miscellaneous,Payment Side,Positive,Part III
8553002000,855301101010000,Recovery of Fraudlent Amount-Other Miscellaneous,Receipt Side,Positive,Part III
9421001900,2100102260000,Reversal of IT TDS on Cash withdrawals under 194-N,Payment Side,Negative,Part I
9421002000,2100102410000,Reversal of IT TDS on withdrawal of NSS under Section-194 EE,Payment Side,Negative,Part I
9421000100,2100101020000,IT TDS from Salary Payment under Section 192,Receipt Side,Positive,Part I
8553002400,855301101150000,Special Advance Payments-Cleared,Receipt Side,Positive,Part III
8553002500,855301101400000,Initial Payments/deductions to/from CSC Wallet-Payments,Payment Side,Positive,Part III
8553002600,855301101400000,Initial Payments/deductions to/from CSC Wallet-Cleared,Receipt Side,Positive,Part III
8553002700,855301101410000,Balance with IPPB-NEFT/RTGS-Payments,Payment Side,Positive,Part III
8553002800,855301101410000,Balance with IPPB-NEFT/RTGS-Cleared,Receipt Side,Positive,Part III
8553002900,855301101420000,Balance with SBI Current Account-NEFT/RTGS-Payments,Payment Side,Positive,Part III
8553003000,855301101420000,Balance with SBI Current Account-NEFT/RTGS-Cleared,Receipt Side,Positive,Part III
8553003100,855301101430000,NEFT/RTGS IPPB settlement Account-Payments,Payment Side,Positive,Part III
8553003200,855301101430000,NEFT/RTGS IPPB settlement Account-Cleared,Receipt Side,Positive,Part III
8553003300,855301101360000,Payment of advance to the deceased employees family,Payment Side,Positive,Part III
8553003400,855301101360000,Advance payment to the deceased employees family-Cleared,Receipt Side,Positive,Part III
8661000100,866100101600100,CGST-Collection on Courier Services,Receipt Side,Positive,Part III
8661000200,866100101600300,SGST-Collection on Courier Services,Receipt Side,Positive,Part III
8661000300,866100101600500,UTGST-Collection on Courier Services,Receipt Side,Positive,Part III
8661000400,866100101600700,IGST-Collection on Courier Services,Receipt Side,Positive,Part III
8661000500,866100101601000,Remittance CGST-Collection on Courier Services,Payment Side,Negative,Part III
8661000600,866100101601100,Remittance SGST-Collection on Courier Services,Payment Side,Negative,Part III
8661000700,866100101601200,Remittance UTGST-Collection on Courier Services,Payment Side,Negative,Part III
8661000800,866100101601300,Remittance IGST-Collection on Courier Services,Payment Side,Negative,Part III
8661003800,866100101641100,Remittance SGST-Business Auxiliary Servicces,Payment Side,Negative,Part III
8661003900,866100101641200,Remittance UTGST-Business Auxiliary Servicces,Payment Side,Negative,Part III
8661004000,866100101641300,Remittance IGST-Business Auxiliary Servicces,Payment Side,Negative,Part III
8661004100,866100140110000,Settlement Suspense Account,Receipt Side,Positive,Part III
8661004200,866100140110000,Settlement Suspense Account_DFC,Payment Side,Negative,Part III
8661004300,866100108000000,Public Sector Bank Suspense- Drawings from Bank,Receipt Side,Positive,Part III
8661004400,866100108000000,Public Sector Bank Suspense- Drawings from Bank-DFC,Payment Side,Negative,Part III
8661004500,866100108000000,Public Sector Bank Suspense-Remittance to Bank,Payment Side,Positive,Part III
8661004600,866100108000000,Public Sector Bank Suspense-Remittance to Bank-DFD,Receipt Side,Negative,Part III
8661004700,866100109000000,Reserve Bank Suspense- Drawings From Bank,Receipt Side,Positive,Part III
8661004800,866100109000000,Reserve Bank Suspense- Drawings From Bank-DFC,Payment Side,Negative,Part III
8661004900,866100109000000,Reserve Bank Suspense- Remittance to Bank,Payment Side,Positive,Part III
8661005200,866100140010100,Credit Contra Suspense-DFC,Payment Side,Negative,Part III
8661005300,866100140010200,Debit Contra Suspense,Payment Side,Positive,Part III
8661005400,866100140010200,Debit Contra Suspense-DFD,Receipt Side,Negative,Part III
8661005500,866100140260000,NFS Pool Account for ATM,Payment Side,Positive,Part III
8661005600,866100140260000,NFS Pool Account for ATM-DFD,Receipt Side,Negative,Part III
8661005700,866100140340100,Service Charge-UIDAI on new Aadhar enrollment,Receipt Side,Positive,Part III
8661005800,866100140340100,Service Charge-UIDAI on new Aadhar enrollment-DFC,Payment Side,Negative,Part III
8661005900,866100140340200,Service Charge-UIDAI for biometric updation child,Receipt Side,Positive,Part III
8661006000,866100140340200,Service Charge-UIDAI for biometric updation child-DFC,Payment Side,Negative,Part III
8661006100,866100140350000,Suspense on Digital Payments,Receipt Side,Positive,Part III
8661006200,866100140350000,Suspense on Digital Payments-DFC,Payment Side,Negative,Part III
8661006300,866100140360000,NEFT outward payable pool account,Receipt Side,Positive,Part III
8661006400,866100140360000,NEFT outward payable pool account-DFC,Payment Side,Negative,Part III
8661006500,866100140360000,NEFT inward receivable pool account,Payment Side,Negative,Part III
8661006600,866100140360000,NEFT inward receivable pool account-DFD,Receipt Side,Positive,Part III
8661006700,866100140360000,NEFT inward return pool account,Receipt Side,Positive,Part III
8677000100,867700102010000,Remittance to Bank _Cash,Payment Side,Positive,Part III
8677000300,867700102010000,Remittance to Bank _Electronic Mode,Payment Side,Positive,Part III
8677000400,867700102010000,Remmitance To Bank- DFD,Receipt Side,Negative,Part III
8677000700,867700102010000,Remittance to Bank-e Payment return-eFPB,Payment Side,Positive,Part III
8671002400,867100102010000,CBS Data_Receipts_Mismatch,Receipt Side,Positive,Part III
8671001000,867100102030000,ATM Cash Withdrawn,Receipt Side,Positive,Part III
8781000300,878100102000000,Foreign Monery Orders_Receipts,Receipt Side,Positive,Part III
8781000400,878100102000000,Foreign Monery Orders_Payments,Payment Side,Positive,Part III
8782000100,878200121010400,RSAO_Digital Transactions_PO_Debit,Payment Side,Positive,Part III
8782000200,878200121010400,RSAO_Digital Transactions_PAO_Credit,Receipt Side,Positive,Part III
8782000300,878200121010400,RSAO_Digital Transactions_online_Debit,Payment Side,Positive,Part III
8782000400,878200121010400,RSAO_Digital Transactions_online_Credit,Receipt Side,Positive,Part III
8782000500,878200121010100,RSAO_Remittances_Debit,Payment Side,Positive,Part III
8782000600,878200121010100,RSAO_Remittances_Credit,Receipt Side,Positive,Part III
8782000900,878200121010800,RSAO_POSB_GRID_Debit,Payment Side,Positive,Part III
8782001000,878200121010800,RSAO_POSB_GRID_Credit,Receipt Side,Positive,Part III
8782001100,878200121010100,Collection of Telephone Revenue Bills MTNL-Bombay,Receipt Side,Positive,Part III
8782001200,878200121010100,Payment of Telephone Revenue Bills MTNL-Bombay,Payment Side,Positive,Part III
8782001300,878200121010100,Collection of Telephone Revenue Bills MTNL-Delhi,Receipt Side,Positive,Part III
8782001400,878200121010100,Payment of Telephone Revenue Bills MTNL-Delhi,Payment Side,Positive,Part III
8782001500,878200121010100,Net Collection of E Bill Post Colection To Billers,Receipt Side,Positive,Part III
8782001600,878200121010100,Payments of E Bill Post Collection To Billers,Payment Side,Positive,Part III
8782001700,878200121010100,Net Collection of Telephone Bills,Receipt Side,Positive,Part III
8782001800,878200121010100,Payment of Telephone Bills,Payment Side,Positive,Part III
8782001900,878200121010100,Net Collection of Electricity Bills,Receipt Side,Positive,Part III
8782002000,878200121010100,Payment of Electricity Bills,Payment Side,Positive,Part III
8782002100,878200121010100,Net Collection of School Examination Fees,Receipt Side,Positive,Part III
8782002200,878200121010100,Payment of School Examination Fees,Payment Side,Positive,Part III
8782002300,878200121010100,Net Collection of Insurance Premium,Receipt Side,Positive,Part III
8782002400,878200121010100,Net Payment of Insurance Premium,Payment Side,Positive,Part III
8782002500,878200121010100,Net Collection of Others,Receipt Side,Positive,Part III
8782002600,878200121010100,Net Payment of Others,Payment Side,Positive,Part III
8782002700,878200121010100,Gross Contribution under NPS Through Post Offices,Receipt Side,Positive,Part III
8782002800,878200121010100,Payment of Net Contribution under NPS Through Post Offices,Payment Side,Positive,Part III
8782002900,878200121010100,Deduct Commission on New pension System,Payment Side,Positive,Part III
8782003000,878200121010100,Deduct Taxes commission on New pension System,Payment Side,Positive,Part III
8782003100,878200121010100,Gross Amount Realised From Speed COD Service,Receipt Side,Positive,Part III
8782003200,878200121010100,Payments To Customer-Speedpost COD Service,Payment Side,Positive,Part III
8782003300,878200121010100,Gross amount from investor on sale of Sovereign Gold Bond,Receipt Side,Positive,Part III
8782003400,878200121010100,Amount remitted to RBI Sale of Sovereign Gold Bond,Payment Side,Positive,Part III
8782003500,878200121010100,Amount refunded to the Investors,Payment Side,Positive,Part III
8782003800,878200121010100,IPPB to PLI,Receipt Side,Positive,Part III
8782003900,878200121010100,IPPB to PLI Cleared,Payment Side,Positive,Part III
8783000200,878300101010100,Payment to Railways on Sale of Railway Tickets,Payment Side,Positive,Part III
8783000300,878300101010200,Deduct Service Charges On Sale Of Railway Tickets,Payment Side,Negative,Part III
8783000400,878300101010300,Deduct- service Charges on Cancellation of Railway Tickets,Payment Side,Negative,Part III
8783000500,878300101010400,Deduct -Amount Refund on Cancellation Of Railway Tickets,Payment Side,Negative,Part III
8787000100,878700101000000,Adjustments on Central Railways Payment,Receipt Side,Positive,Part III
8787000200,878700101000000,Central Railways-Payments,Payment Side,Positive,Part III
8787000300,878700102000000,Adjustments on Chittranjan Locomative Works Pmt,Receipt Side,Positive,Part III
8787000400,878700102000000,Chittranjan Locomative Works-Payments,Payment Side,Positive,Part III
8787000500,878700103000000,Adjustments on Diesal Locomotive Works Pmt,Receipt Side,Positive,Part III
8787000600,878700103000000,Diesal Locomotive Works-Payments,Payment Side,Positive,Part III
8787000700,878700104000000,Adjustments on Eastern Railway Payment,Receipt Side,Positive,Part III
8787000800,878700104000000,Eastern Railway-Payments,Payment Side,Positive,Part III
8787000900,878700105000000,Adjustments on Integral Coach Factory Payment,Receipt Side,Positive,Part III
8787001000,878700105000000,Integral Coach Factory-Payments,Payment Side,Positive,Part III
8787001100,878700106000000,"Adjustments on Metropoliton Transport Project, Calcutta Pmt",Receipt Side,Positive,Part III
8787001200,878700106000000,"Metropoliton Transport Project, Calcutta-Payments",Payment Side,Positive,Part III
8787001300,878700107000000,Adjustments on Northern Railway Pmt,Receipt Side,Positive,Part III
8787001400,878700107000000,Northern Railway-Payments,Payment Side,Positive,Part III
8787001500,878700108000000,Adjustments on North-Eastern Railway Pmt,Receipt Side,Positive,Part III
8787001600,878700108000000,North-Eastern Railway-Payments,Payment Side,Positive,Part III
8787001700,878700109000000,Adjustments on North Frontier Railway Pmt,Receipt Side,Positive,Part III
8787001800,878700109000000,North Frontier Railway-Payments,Payment Side,Positive,Part III
8787001900,878700110000000,"Adjustments on Railways Electrfication, Calcutta Pmt",Receipt Side,Positive,Part III
8787002000,878700110000000,"Railways Electrfication, Calcutta-Payments",Payment Side,Positive,Part III
8787002200,878700111000000,Southern Railway-Payments,Payment Side,Positive,Part III
8787002300,878700112000000,Adjustments on South Eastern Railway Pmt,Receipt Side,Positive,Part III
8787002400,878700112000000,South Eastern Railway-Payments,Payment Side,Positive,Part III
8787002500,878700113000000,Adjustments on South Central Railway Pmt,Receipt Side,Positive,Part III
8787002600,878700113000000,South Central Railway-Payments,Payment Side,Positive,Part III
8787002700,878700114000000,Adjustments on Southern Railway Construction Pmt,Receipt Side,Positive,Part III
8787002800,878700114000000,Southern Railway Construction-Payments,Payment Side,Positive,Part III
8787002900,878700115000000,Adjustments on Western Railway Pmt,Receipt Side,Positive,Part III
8787003000,878700115000000,Western Railway-Payments,Payment Side,Positive,Part III
8787003100,878700116000000,Adjustments on Railway Board Pmt,Receipt Side,Positive,Part III
8787003200,878700116000000,Railway Board-Payments,Payment Side,Positive,Part III
8787003300,878700117000000,"Adjustments on Metropoliton Transport Project, Bombay Pmt",Receipt Side,Positive,Part III
8787003400,878700117000000,"Metropoliton Transport Project, Bombay-Payments",Payment Side,Positive,Part III
8787003500,878700118000000,Adjustments on FA & CAO Wheel & Axel Plant Bangalore Pmt,Receipt Side,Positive,Part III
8787003600,878700118000000,FA & CAO Wheel & Axel Plant Bangalore-Payments,Payment Side,Positive,Part III
8787003700,878700119000000,Adj. on Dy. FA & CAO Central Orgn for Mod of Works Pmt,Receipt Side,Positive,Part III
8787003800,878700119000000,Dy. FA & CAO Central Orgn for Mod of Works-Payments,Payment Side,Positive,Part III
8787003900,878700120000000,Adj. on Rly FA & CAO Rail Electrification Allahabad Pmt,Receipt Side,Positive,Part III
8787004000,878700120000000,Fa & Cao Rail Electrification Allahabad-Payments,Payment Side,Positive,Part III
8787004100,878700121000000,Adj. on Metropolition Transport Project New Delhi Pmt,Receipt Side,Positive,Part III
8787004200,878700121000000,Metropolition Transport Project New Delhi-Payments,Payment Side,Positive,Part III
8787004300,878700122000000,Adjustments on Metropolition Transport Project Madras Pmt,Receipt Side,Positive,Part III
8787004400,878700122000000,Metropolition Transport Project Madras-Payments,Payment Side,Positive,Part III
8787004500,878700123000000,Adj. on FA & CAO Diesel Component Works Patiala Pmt,Receipt Side,Positive,Part III
8787004600,878700123000000,FA & CAO Diesel Component Works Patiala-Payments,Payment Side,Positive,Part III
8787004700,878700124000000,Adjustments on FA & CAO Railway Electrification Bombay Pmt,Receipt Side,Positive,Part III
8787004800,878700124000000,FA & CAO Railway Electrification Bombay-Payments,Payment Side,Positive,Part III
8787004900,878700125000000,Adjustments on FA & CAO Railway Electrification Kota Pmt,Receipt Side,Positive,Part III
8787005000,878700125000000,FA & CAO Railway Electrification Kota-Payments,Payment Side,Positive,Part III
8787005100,878700126000000,Adjustments on FA & CAO Railway Electrification Nagpur Pmt,Receipt Side,Positive,Part III
8787005200,878700126000000,FA & CAO Railway Electrification Nagpur-Payments,Payment Side,Positive,Part III
8787005300,878700127000000,Adjustments on FA & CAO Railway Electrification Madras Pmt,Receipt Side,Positive,Part III
8787005400,878700127000000,FA & CAO Railway Electrification Madras-Payments,Payment Side,Positive,Part III
8787005500,878700128000000,Adj. on FA & CAO Railway Electrification Vijaywada Pmt,Receipt Side,Positive,Part III
8787005600,878700128000000,FA & CAO Railway Electrification Vijaywada-Payments,Payment Side,Positive,Part III
8787005700,878700129000000,"Adj. on FA & CAO Control Organisation , New Delhi Pmt",Receipt Side,Positive,Part III
8787005800,878700129000000,"FA & CAO Control Organisation , New Delhi-Payments",Payment Side,Positive,Part III
8789001800,878900109000000,Payment of CDA (Funds) Meerut,Payment Side,Positive,Part III
8787005900,878700130000000,"Adjustments on FA & CAO Rail Coach Factory, Kapurthala Pmt",Receipt Side,Positive,Part III
8787006000,878700130000000,"FA & CAO Rail Coach Factory, Kapurthala-Payments",Payment Side,Positive,Part III
8787006100,878700131000000,Adjustments on Central Organisation for Modern IS Pmt,Receipt Side,Positive,Part III
8787006200,878700131000000,Central Organisation for Modern IS-Payments,Payment Side,Positive,Part III
8787006300,878700132000000,"Adjustments on North Central Railways (NCR), Allahabad Pmt",Receipt Side,Positive,Part III
8787006400,878700132000000,"North Central Railways (NCR), Allahabad-Payments",Payment Side,Positive,Part III
8787006500,878700133000000,"Adjustments on East Coast Railway (ECR), Bhubneshwar Pmt",Receipt Side,Positive,Part III
8787006600,878700133000000,"East Coast Railway (ECR), Bhubneshwar-Payments",Payment Side,Positive,Part III
8787006700,878700134000000,"Adjustments on East Central Railway (ECR), Hajipur Pmt",Receipt Side,Positive,Part III
8787006800,878700134000000,"East Central Railway (ECR), Hajipur-Payments",Payment Side,Positive,Part III
8787006900,878700135000000,Adjustments on North-Western Railway(NWR) Jaipur Pmt,Receipt Side,Positive,Part III
8787007000,878700135000000,North-Western Railway(NWR) Jaipur-Payments,Payment Side,Positive,Part III
8787007100,878700136000000,"Adjustments on South Western Railway(SWR), Bangalore Pmt",Receipt Side,Positive,Part III
8787007200,878700136000000,"South Western Railway(SWR), Bangalore-Payments",Payment Side,Positive,Part III
8787007300,878700137000000,"Adjustments on West Central Railway (WCR), Jabalpur Pmt",Receipt Side,Positive,Part III
8787007400,878700137000000,"West Central Railway (WCR), Jabalpur-Payments",Payment Side,Positive,Part III
8787007500,878700138000000,Adjustments on FA & CAO North East Frontier Railway Pmt,Receipt Side,Positive,Part III
8787007600,878700138000000,FA & CAO North East Frontier Railway-Payments,Payment Side,Positive,Part III
8787007800,878700139000000,"FA & CAO Diesel Locomotive Works, Varanasi-Payments",Payment Side,Positive,Part III
8787007900,878700140000000,"Adjustments on Metro Transport Project, Calcutta Pmt",Receipt Side,Positive,Part III
8787008000,878700140000000,"Metro Transport Project, Calcutta-Payments",Payment Side,Positive,Part III
8787008100,878700141000000,"Adjustments on FA & CAO South East Cent Rly, Bilaspur Pmt",Receipt Side,Positive,Part III
8787008200,878700141000000,"FA & CAO South East Cent Rly, Bilaspur-Payments",Payment Side,Positive,Part III
8787008300,878700142000000,"Adj. on FA & CAO South West Railways (SWR), Hubli Pmt",Receipt Side,Positive,Part III
8787008400,878700142000000,"FA & CAO South West Railways (SWR), Hubli-Payments",Payment Side,Positive,Part III
8789000100,878900101000000,Adjustments Def CDA (Pension) Allahabad,Receipt Side,Positive,Part III
8789000200,878900101000000,Payment of CDA (Pension) Allahabad,Payment Side,Positive,Part III
8789000300,878900102000000,Adjustments Def CDA (Navy) Bombay,Receipt Side,Positive,Part III
8789000400,878900102000000,Payment of CDA (Navy) Bombay,Payment Side,Positive,Part III
8789000500,878900103000000,Adjustments Def CDA (Factories) Calcutta,Receipt Side,Positive,Part III
8789000600,878900103000000,Payment of CDA (Factories) Calcutta,Payment Side,Positive,Part III
8789000700,878900104000000,Adjustments Def CDA (Air force) Dehradun,Receipt Side,Positive,Part III
8789000800,878900104000000,Payment of CDA (Air force) Dehradun,Payment Side,Positive,Part III
8789000900,878900105000000,Adjustments Def CDA (NC) Jammu,Receipt Side,Positive,Part III
8789001000,878900105000000,Payment of CDA (NC) Jammu,Payment Side,Positive,Part III
8789001100,878900106000000,Adjustments Def CDA (CC) Meerut,Receipt Side,Positive,Part III
8789001200,878900106000000,Payment of CDA (CC) Meerut,Payment Side,Positive,Part III
8789001300,878900107000000,Adjustments Def CDA (WC) Meerut,Receipt Side,Positive,Part III
8789001400,878900107000000,Payment of CDA (WC) Meerut,Payment Side,Positive,Part III
8789001500,878900108000000,Adjustments Def CDA (ORS) Meerut,Receipt Side,Positive,Part III
8789001600,878900108000000,Payment of CDA (ORS) Meerut,Payment Side,Positive,Part III
8789001700,878900109000000,Adjustments Def CDA (Funds) Meerut,Receipt Side,Positive,Part III
8789002000,878900110000000,Payment of CDA (ORS) Madrs,Payment Side,Positive,Part III
8789002100,878900111000000,"Adjustments Def CDA M/o Defence, New Delhi",Receipt Side,Positive,Part III
8789002200,878900111000000,"Payment of CDA M/o Defence, New Delhi",Payment Side,Positive,Part III
8789002300,878900112000000,Adjustments Def CDA (SC) Poona,Receipt Side,Positive,Part III
8789002400,878900112000000,Payment of CDA (SC) Poona,Payment Side,Positive,Part III
8789002500,878900113000000,"Adjustments Def CDA (EC), Patna",Receipt Side,Positive,Part III
8789002600,878900113000000,"Payment of CDA (EC), Patna",Payment Side,Positive,Part III
8789002700,878900114000000,Adjustments Def CDA (officers) Pune,Receipt Side,Positive,Part III
8789002800,878900114000000,Payment of CDA (officers) Pune,Payment Side,Positive,Part III
8789002900,878900115000000,"Adjustments Def CDA, Jullandhar",Receipt Side,Positive,Part III
8789003000,878900115000000,"Payment of CDA, Jullandhar",Payment Side,Positive,Part III
8789003100,878900116000000,"Adjustments Def CDA, Bangalore",Receipt Side,Positive,Part III
8789003200,878900116000000,"Payment of CDA, Bangalore",Payment Side,Positive,Part III
8789003300,878900117000000,"Adjustments Def CDA (ORS) Central, Nagpur",Receipt Side,Positive,Part III
8789003400,878900117000000,"Payment of CDA (ORS) Central, Nagpur",Payment Side,Positive,Part III
8789003500,878900118000000,Adjustments Def CDA (ORS) Bangalore,Receipt Side,Positive,Part III
8789003900,878900120000000,"Adjustments Def CDA (R&D), New Delhi",Receipt Side,Positive,Part III
8789004000,878900120000000,"Payment of CDA (R&D), New Delhi",Payment Side,Positive,Part III
8789004100,878900121000000,Adjustments Def CDA (ORS) Puna,Receipt Side,Positive,Part III
8789004200,878900121000000,Payment of CDA (ORS) Puna,Payment Side,Positive,Part III
8789004300,878900122000000,Adjustments Def CDA (Pension and Disbursement) New Delhi,Receipt Side,Positive,Part III
8789004400,878900122000000,Payment of CDA (Pension and Disbursement) New Delhi,Payment Side,Positive,Part III
8789004500,878900123000000,"Adjustments Def Controller of Defence, Basistha, Gauwahati",Receipt Side,Positive,Part III
8789004600,878900123000000,"Payment of Controller of Defence, Basistha, Gauwahati",Payment Side,Positive,Part III
8789004700,878900124000000,Adjustments Def Accounts With CDA (WC) Chandigarh,Receipt Side,Positive,Part III
8789004800,878900124000000,Payment of Accounts With CDA (WC) Chandigarh,Payment Side,Positive,Part III
8789004900,878900125000000,"Adjustments Def Jt Controller of Defence Accounts, Patna",Receipt Side,Positive,Part III
8789005000,878900125000000,"Payment of Jt Controller of Defence Accounts, Patna",Payment Side,Positive,Part III
8789005100,878900126000000,"Adjustments Def CDA, (Pension Disbursement), Meerut",Receipt Side,Positive,Part III
8789005200,878900126000000,"Payment of CDA, (Pension Disbursement), Meerut",Payment Side,Positive,Part III
8789005300,878900127000000,"Adjustments Def Controller of Defence Accounts, Lucknow",Receipt Side,Positive,Part III
8789005400,878900127000000,"Payment of Controller of Defence Accounts, Lucknow",Payment Side,Positive,Part III
8789005500,878900128000000,"Adjustments Def CDA, Border Roads, New Delhi",Receipt Side,Positive,Part III
8789005600,878900128000000,"Payment of CDA, Border Roads, New Delhi",Payment Side,Positive,Part III
8789005700,878900129000000,"Adjustments Def Controller of Defence Accounts, Jabalpur",Receipt Side,Positive,Part III
8789005800,878900129000000,"Payment of Controller of Defence Accounts, Jabalpur",Payment Side,Positive,Part III
8789005900,878900130000000,"Adjustments Def CDA, Secunderabad",Receipt Side,Positive,Part III
8789006000,878900130000000,"Payment of CDA, Secunderabad",Payment Side,Positive,Part III
8789006100,878900131000000,"Adjustments Def CDA, Army Meerut",Receipt Side,Positive,Part III
8789006300,878900132000000,"Adjustments Def CDA Air force, Delhi",Receipt Side,Positive,Part III
8789006400,878900132000000,"Payment of CDA Air force, Delhi",Payment Side,Positive,Part III
9437000100,3700800080000,Deduct-Refunds of Custom Duty,Receipt Side,Positive,Part I
9449000100,4903118010000,Interest on House Building Advances,Receipt Side,Positive,Part I
9449000200,4903118020000,Interest on Motor Cars Advance,Receipt Side,Positive,Part I
1201015000,120100800423500,Reversal of POSB_Pledging Fee,Payment Side,Negative,Part I
1201015100,120100800570100,Reversal of Revenue on account of PMJJBY,Payment Side,Negative,Part I
1201000400,120100101010100,"Custom Duty Postage fee,redirection fee",Receipt Side,Positive,Part I
1201000500,120100101010100,Presentation to Custom Charges o/w Int. articles,Receipt Side,Positive,Part I
1201014000,120100200160100,Reversal of Interchange fee for interoperable ATM Txns,Payment Side,Negative,Part I
1201014100,120100200250000,Reversal of NEFT/RTGS Charges from customer,Payment Side,Negative,Part I
1201001400,120100101100100,Deduct Prepaid Postage stamps affixed on IPOs,Payment Side,Negative,Part I
1201001500,120100101110100,Sale of Service Stamps,Receipt Side,Positive,Part I
1201001600,120100101110100,Deduct Prepaid Service stamps affixed on articles,Payment Side,Negative,Part I
1201001800,120100101150000,PRC- National Bill Mail Service,Receipt Side,Positive,Part I
1201001900,120100101160300,Sale of PhilatelyStamps through Bureaux/PoS/Exhibi,Receipt Side,Positive,Part I
1201002000,120100101160300,Sale Of Philatelic Stamps through e-Post Office,Receipt Side,Positive,Part I
1201002100,120100101200100,Sale Of My Stamps through Bureaux/PoS/Exhibitions,Receipt Side,Positive,Part I
1201002200,120100101200100,Sale of My Stamps through othr institution/tie-up,Receipt Side,Positive,Part I
1201002300,120100101220100,PRC-India Post Parcel -Contractual,Receipt Side,Positive,Part I
1201002400,120100101220100,India Post-Contractual Cash On Delivery Fee,Receipt Side,Positive,Part I
1201002500,120100101230100,PRC-Remotely Managed Franking Machine,Receipt Side,Positive,Part I
1201002700,120100101250100,PRC -International Express Airmail Service,Receipt Side,Positive,Part I
1201002800,120100101260100,PRC- International Air Parcel,Receipt Side,Positive,Part I
1201002900,120100101270100,PRC-International Letters (Registered),Receipt Side,Positive,Part I
1201003000,120100101270100,PRC- Prime Registered,Receipt Side,Positive,Part I
1201003100,120100101270100,PRC-Prime Express,Receipt Side,Positive,Part I
1201003200,120100101270100,PRC-Prime Tracked Pockets,Receipt Side,Positive,Part I
1201003300,120100101280100,PRC -International Tracked Packet Service,Receipt Side,Positive,Part I
1201003400,120100101290100,PRC-Speed Post Parcel,Receipt Side,Positive,Part I
1201003500,120100101290100,Speed Post Parcel- Cash On Delivery Fee,Receipt Side,Positive,Part I
1201003700,120100101310100,PRC-Registered letter/article,Receipt Side,Positive,Part I
1201003800,120100101330000,PRC- Magazine Post,Receipt Side,Positive,Part I
1201003900,120100102030000,Commission on Indian Postal Orders,Receipt Side,Positive,Part I
1201004000,120100102100000,Commission on Inland Money Orders,Receipt Side,Positive,Part I
1201004100,120100105010000,Sale of CRF Stamps,Receipt Side,Positive,Part I
1201004200,120100108000000,Commission on Railway PRSS,Receipt Side,Positive,Part I
1201004300,120100200010000,Management of SB Govt Securities,Receipt Side,Positive,Part I
1201004400,120100200010000,Management of cash certificates,Receipt Side,Positive,Part I
1201004500,120100200010000,"Maintenance,Revival and Ser. Chrgs for Silent A/cs",Receipt Side,Positive,Part I
1201004600,120100200040000,Fees for Window Delivery Tickets,Receipt Side,Positive,Part I
1201004900,120100200060100,Ser.Chgs for Free/Rented Quarters Govt Buildings,Receipt Side,Positive,Part I
1201005000,120100200060100,Ele.Chgs for Free/Rented Quarters Govt Buildings,Receipt Side,Positive,Part I
1201005100,120100200080100,S.Charges frm other govt. dept for render services,Receipt Side,Positive,Part I
1201016100,120100101290100,Compensation for Parcels_under Day Definite Delivery,Payment Side,Negative,Part I
1201005300,120100200140000,Remuneration for workers for MGNREGA,Receipt Side,Positive,Part I
1201005400,120100200160100,Interchange fee for interoperable ATM Transactions,Receipt Side,Positive,Part I
1201005500,120100200220100,Aadhaar Other Biometric/Demography Updation,Receipt Side,Positive,Part I
1201005600,120100200220100,Aadhaar Printout Colour,Receipt Side,Positive,Part I
1201005700,120100200220100,Aadhaar Printout Black & White,Receipt Side,Positive,Part I
1201005800,120100200230100,Aadhaar New Aadhar Enrollment,Receipt Side,Positive,Part I
1201005900,120100200230100,Aadhaar Mandatory Biometric Updation of Children,Receipt Side,Positive,Part I
1201006000,120100200250000,NEFT/RTGS Charges from customer,Receipt Side,Positive,Part I
1201006100,120100200250000,NEFT/RTGS Transaction Fee receivable from Banks,Receipt Side,Positive,Part I
1201006200,120100200260000,ATM Annual Maintenance Charge Account,Receipt Side,Positive,Part I
1201006300,120100200260000,ATM Replacement Charge Account,Receipt Side,Positive,Part I
1201006400,120100200260000,ATM RePIN Request Charge Account,Receipt Side,Positive,Part I
1201006500,120100200260000,SMS Alert Charge Account,Receipt Side,Positive,Part I
1201006600,120100200260000,ATM insufficient Balance Transactions Charge,Receipt Side,Positive,Part I
1201006700,120100200260000,Onus transaction Charges Account,Receipt Side,Positive,Part I
1201006800,120100201000000,Net Receipts from other Postal Administrations,Receipt Side,Positive,Part I
8670000100,867000107010000,Drawings from Bank_ Cheque,Receipt Side,Positive,Part III
1201006900,120100202020100,Commission on IPPB transactions,Receipt Side,Positive,Part I
1201007000,120100800010100,Retail Post,Receipt Side,Positive,Part I
1201007100,120100800010100,Retail Post-Sale Proceeds for Gangajal,Receipt Side,Positive,Part I
1201007200,120100800010100,Retail Post-Sale of Indian National Flag,Receipt Side,Positive,Part I
1201007300,120100800010100,Sale of Parcel Box/Envelope on retrun basis,Receipt Side,Positive,Part I
1201007400,120100800010100,Retail Post-Issue of post office Identity Cards,Receipt Side,Positive,Part I
1201007500,120100800010100,Sale Proceeds of Identity Cards Plastic Covers,Receipt Side,Positive,Part I
1201007700,120100800011400,PRC- Joint parcel Product(Railways),Receipt Side,Positive,Part I
1201007800,120100800040100,E-Payment Service Charges-BSNL,Receipt Side,Positive,Part I
1201007900,120100800040200,E-Payment Service Charges-Airtel,Receipt Side,Positive,Part I
1201008000,120100800040300,E-Payment Service Charges- Education,Receipt Side,Positive,Part I
1201008100,120100800040400,E-Payment Service Charges- Finance,Receipt Side,Positive,Part I
1201008200,120100800040500,E-Payment Service Charges- RTO,Receipt Side,Positive,Part I
1201008300,120100800040600,E-Payment Service Charges- Telecom,Receipt Side,Positive,Part I
1201008400,120100800040700,E-Payment Service Charges- Electricity,Receipt Side,Positive,Part I
1201008500,120100800040800,E-Payment Service Charges- Water Supply,Receipt Side,Positive,Part I
1201008600,120100800040900,E-Payment Service Charges- Property Tax,Receipt Side,Positive,Part I
1201008700,120100800041000,E-Payment Service Charges- Income Tax,Receipt Side,Positive,Part I
1201008800,120100800110000,Media Post,Receipt Side,Positive,Part I
1201008900,120100800130100,Revenue - Logistics Post (Surface),Receipt Side,Positive,Part I
1201009200,120100800170300,Commission on Franklin Templeton,Receipt Side,Positive,Part I
1201009300,120100800170400,Commission on Reliance Mutual Fund,Receipt Side,Positive,Part I
1201009400,120100800180100,Fees for Communication of Marks to Candidates,Receipt Side,Positive,Part I
1201009500,120100800190100,Sale of Publications & Blank form Etc.,Receipt Side,Positive,Part I
1201009600,120100800320000,"Recovery on a/c of Lost,Damages on Insured Article",Receipt Side,Positive,Part I
1201009700,120100800340000,Sale of Waste Paper Dead Stock etc,Receipt Side,Positive,Part I
1201009800,120100800370100,Sale of Special stamps & Other Materials,Receipt Side,Positive,Part I
1201009900,120100800370100,Sale of Philately ancillaries,Receipt Side,Positive,Part I
1201010000,120100800370100,Sale of Philately Souvenir Special stamps/material,Receipt Side,Positive,Part I
1201010100,120100800370100,Sale of Philately ancillaries through e PostOffice,Receipt Side,Positive,Part I
1201010200,120100800420200,Sale Proceeds of Post Office Compound Products,Receipt Side,Positive,Part I
1201010300,120100800421200,Custom Duty On Outward International mails,Receipt Side,Positive,Part I
1201010400,120100800421300,Recoveries of Penal Interest from the employees,Receipt Side,Positive,Part I
1201010500,120100800421400,Fees from Contractors,Receipt Side,Positive,Part I
1201010600,120100800423200,Fee for Registration of second Nomination,Receipt Side,Positive,Part I
1201016000,120100101290100,24 Speed Post Parcel_NDD,Receipt Side,Positive,Part I
1201010800,120100800423500,Cheque Return Charges Inward,Receipt Side,Positive,Part I
1201010900,120100800423500,Cheque Return Charges outward,Receipt Side,Positive,Part I
1201011000,120100800423500,Penal Income/penal interest due to delayed Payment,Receipt Side,Positive,Part I
1201011100,120100800423500,Acknowledgement/POID charges,Receipt Side,Positive,Part I
1201011200,120100800423500,Insurance Charges,Receipt Side,Positive,Part I
1201011400,120100800423500,Warehouse Charges,Receipt Side,Positive,Part I
1201011500,120100800423500,Demurrage Charges,Receipt Side,Positive,Part I
1201011600,120100800423500,Pick Up Charges,Receipt Side,Positive,Part I
1201011700,120100800423500,Return Pick Up charges for e commerce customer,Receipt Side,Positive,Part I
1201011800,120100800423500,Deduct Incentive/Commission Payment,Payment Side,Negative,Part I
1201011900,120100800423500,Deduct Compensation/Loss of article,Payment Side,Negative,Part I
1201012000,120100800480000,Commission on New Pension System,Receipt Side,Positive,Part I
1201012100,120100800540200,Paymnt to outsource Agency for Direct Recruit Exam,Payment Side,Negative,Part I
1201012200,120100800570100,Revenue on account of PMJJBY,Receipt Side,Positive,Part I
1201012300,120100800580100,Revenue on account of PMSBY,Receipt Side,Positive,Part I
1201012400,120100800590100,Revenue on Atal Pension Yojana,Receipt Side,Positive,Part I
1201012500,120100800600000,Commission on Sale of Soverign Gold Bond,Receipt Side,Positive,Part I
1201012600,120100800630000,Revenue from CSC Service,Receipt Side,Positive,Part I
2049000145,204903104010045,General Provident Fund-Interest,Payment Side,Positive,Part I
2049000245,204903104020045,Other State Provident Funds-Interest,Payment Side,Positive,Part I
2049000345,204903108060045,Postal Insurance and Life Annuity-Interest,Payment Side,Positive,Part I
1201016800,120100800423500,Deduct-Commission Payment to NIPL,Payment Side,Negative,Part I
1201017000,120100800423500,Loss By Foreign Exchange,Payment Side,Negative,Part I
8553003500,855301101150000,Advance to UPU-UPI-NIPL-Account,Payment Side,Positive,Part III
8553003600,855301101150000,Advance Utilized from UPU-UPI-NIPL Account,Receipt Side,Positive,Part III
8553003700,855301101150000,Payment due from Foreign Designated Operator UPU-UPI,Payment Side,Positive,Part III
8553003800,855301101150000,Payment received from Foreign Designated Operator UPU-UPI,Receipt Side,Positive,Part III
1201017100,120100101020100,Speed Post Document_Cont.Cust,Receipt Side,Positive,Part I
1201017200,120100101290100,Speed Post Parcel_Cont.Cust,Receipt Side,Positive,Part I
1201017300,120100101220100,Indiapost Parcel Contractual_Cont.Cust,Receipt Side,Positive,Part I
1201017400,120100101330000,Magazine Post_Cont.Cust,Receipt Side,Positive,Part I
1201016300,120100101290100,Deduct Rebate/Discount- Speed Post Parcel,Payment Side,Negative,Part I
1201016400,120100101250100,Deduct Rebate/Discount- Foreign Speed Post Document,Payment Side,Negative,Part I
8671002600,867100102010000,CBS Data_Payments_Mismatch,Payment Side,Positive,Part III
8671002800,867100102010000,PLI/RPLI Data_Receipts_Mismatch,Receipt Side,Positive,Part III
8446023200,844600102330000,Remittance CGST-Collection on Courier Services_Cont.Cust,Payment Side,Positive,Part III
8661009900,866100101240100,Installation work of POPSK in Post offices,Payment Side,Positive,Part III
8661010000,866100101240100,Installation work of POPSK in Post offices_DFD,Receipt Side,Negative,Part III
8661010100,866100101660000,Transaction charges received from MEA for POPSK,Receipt Side,Positive,Part III
8661010200,866100101660000,Transaction charges received from MEA for POPSK_DFC,Payment Side,Negative,Part III
8671004200,867100102010000,Payments Pending for classification,Payment Side,Positive,Part III
8671004300,867100102010000,Payments Pending for classification_Cleared,Receipt Side,Positive,Part III
8782004200,878200121010400,RSAO_Digital Transactions_PO_Credit,Receipt Side,Positive,Part III
8782004300,878200121010400,RSAO_Digital Transactions_PAO_Debit,Payment Side,Positive,Part III
8782004000,878200121010100,Gross Amount Realised for India Post(Contractual) COD,Receipt Side,Positive,Part III
8782004100,878200121010100,Payments To Customer-India Post(Contractual) COD,Payment Side,Positive,Part III
8671004800,867100102030000,ATM Cash Loaded,Payment Side,Positive,Part III
8446016000,844600101200200,Partial Amount received from BNPL Customer,Receipt Side,Positive,Part III
8446022000,844600101360000,Customs Duty (Delivery Duty Paid) - Receipts,Receipt Side,Positive,Part III
8446022200,844600101360000,Customs Duty (Delivery Duty Paid)_Collection Pending_Cleared,Receipt Side,Positive,Part III
1201014200,120100200260000,Reversal of SMS Alert Charge Account,Payment Side,Negative,Part I
1201014300,120100200260000,Reversal of ATM Annual Maintenance Charge Account,Payment Side,Negative,Part I
1201014400,120100800423200,Reversal of Fee for Registration of second Nomination,Payment Side,Negative,Part I
1201014500,120100800423500,Reversal of POSB_Cheque Book Issuance Fee,Payment Side,Negative,Part I
1201014600,120100800423500,Reversal of POSB_Statement Generation Fee,Payment Side,Negative,Part I
1201014700,120100800423500,Reversal of Cheque Return Charges Inward,Payment Side,Negative,Part I
1201014800,120100800423500,Reversal of Cheque Return Charges outward,Payment Side,Negative,Part I
1201013500,120100101010100,Gyan Post_Registration Fee,Receipt Side,Positive,Part I
8670000200,867000107010000,Drawings from Bank _Electronic Mode,Receipt Side,Positive,Part III
8670000300,867000107010000,Drawing From Bank- DFC,Payment Side,Negative,Part III
8670000400,867000107020000,Drawing From Treasury,Receipt Side,Positive,Part III
8670000500,867000107020000,Drawing From Treasury- DFC,Payment Side,Negative,Part III
8670000600,867000107010000,Drawings from Bank-Write back Cheque,Receipt Side,Positive,Part III
1201015900,120100101020100,Compensation under Day Definite Delivery,Payment Side,Negative,Part I
8661007200,866100140360000,RTGS inward receivable pool account-DFD,Receipt Side,Positive,Part III
1201000300,120100101010100,RMFM Licence Issue/Renewal Fee,Receipt Side,Positive,Part I
1201003600,120100101300100,PRC- India Post Parcel-Retail,Receipt Side,Positive,Part I
8677000500,867700102020000,Remmitance To Treasury,Payment Side,Positive,Part III
8677000600,867700102020000,Remmitance To Treasury- DFD,Receipt Side,Negative,Part III
1201015400,120100200260000,Reversal of ATM Card Replacement Charges,Payment Side,Negative,Part I
9471000600,7101500010000,Employee & Employer Contribution under UPS,Receipt Side,Positive,Part I
9471000700,7101500010000,Deduct-UPS Contribution Payment to NSDL,Payment Side,Negative,Part I
1201013200,120100200190000,Commission for POPSK Transactions,Receipt Side,Positive,Part I
1201013300,120100800422400,Sale Proceeds of Assets,Receipt Side,Positive,Part I
1201013400,120100101010100,Gyan Post_Postage Fee,Receipt Side,Positive,Part I
8446016200,844600102370000,RCM_Budget Expenditures-Receipts,Receipt Side,Positive,Part III
8787007700,878700139000000,"Adj. on FA & CAO Diesel Locomotive Works, Varanasi Pmt",Receipt Side,Positive,Part III
8789003600,878900118000000,Payment of CDA (ORS) Bangalore,Payment Side,Positive,Part III
8789003700,878900119000000,"Adjustments Def CDA (Hd.Qrs) Sena Bhawan, New Delhi",Receipt Side,Positive,Part III
8789003800,878900119000000,"Payment of CDA (Hd.Qrs) Sena Bhawan, New Delhi",Payment Side,Positive,Part III
8661009300,866100101630500,UTGST-Collection on RPLI Services_Renewal Premium,Receipt Side,Positive,Part III
8661009400,866100101630700,IGST-Collection on RPLI Services_Renewal Premium,Receipt Side,Positive,Part III
9437000200,3700800120000,Custom Duty on Inward foreign Mail Article,Receipt Side,Positive,Part I
1201002600,120100101230100,Deduct Franking Value on accountable articles,Payment Side,Negative,Part I
8008006100,800804800030000,Refund of RD Default Fee,Payment Side,Negative,Part III
2061000113,206100105010413,Revenue for POPSK from MEA,Payment Side,Positive,Part I
2071000104,207101101010104,CDA PENSION,Payment Side,Positive,Part I
2071000204,207101101010204,IDA BSNL PENSION,Payment Side,Positive,Part I
2071000304,207101101010304,IDA MTNL PENSION,Payment Side,Positive,Part I
2071000404,207101101010404,MTNL PRO-RATA PENSION,Payment Side,Positive,Part I
2071000504,207101105020104,CDA FAMILY PENSION,Payment Side,Positive,Part I
2071000604,207101105020204,IDA BSNL FAMILY PENSION,Payment Side,Positive,Part I
2071000704,207101105020304,IDA MTNL FAMILY PENSION,Payment Side,Positive,Part I
2071000870,207101911010070,Deduct Recoveries-Amount received from NPS Pensioner,Receipt Side,Negative,Part I
2071000970,207101911010070,Deduct Recoveries Amount received from ASP,Receipt Side,Negative,Part I
2071001070,207101911020070,Deduct Recoveries-Money Remitted by PFRDA-Govt. contribution,Receipt Side,Negative,Part I
1201013900,120100200010000,"Reversal of Maintenance,Revive and Ser. Chrg for Silent A/cs",Payment Side,Negative,Part I
1201014900,120100800423500,Reversal of Penal Income/penal interest due to delayed Pmnt,Payment Side,Negative,Part I
8014007400,801402106010000,RPLI-GP Premium Receipts and Recoveries-First Year Premium,Receipt Side,Positive,Part III
8014007500,801402106010000,RPLI-GP Premium Receipts and Recoveries-Renwal Premium,Receipt Side,Positive,Part III
8455001400,845500101050100,Reversal of Amount Receivable from IPPB-POSB (Sweep out),Receipt Side,positive,Part III
8455001500,845500101050200,Reversal of Amount Payable to IPPB-POSB(Sweep In),Payment Side,positive,Part III
8670000700,867000107010000,Reversal of Drawings from Bank_ Cheque,Payment Side,Negative,Part III
1201016700,120100800423500,Revenue from Foreign Designated Operator-UPU-UPI,Receipt Side,Positive,Part I
1201016900,120100800423500,Gain By Foreign Exchange,Receipt Side,Positive,Part I
1201016200,120100101020100,Deduct Rebate/Discount- Speed Post Document,Payment Side,Negative,Part I
8446024000,844600101360000,PLI Loan Receipts_Unadjusted,Receipt Side,Positive,Part III
8446024200,844600101360000,RPLI Loan Receipts_Unadjusted,Receipt Side,Positive,Part III
8446024100,844600101360000,PLI Loan Receipts_Adjusted,Payment Side,Positive,Part III
8446024300,844600101360000,RPLI Loan Receipts_Adjusted,Payment Side,Positive,Part III
8446023700,844600102360000,Remittance SGST-Business Auxiliary Services_Cont.Cust,Payment Side,Positive,Part III
8446023800,844600102360000,Remittance UTGST-Business Auxiliary Services_Cont.Cust,Payment Side,Positive,Part III
8446023900,844600102360000,Remittance IGST-Business Auxiliary Services_Cont.Cust,Payment Side,Positive,Part III
8782004600,878200121010100,RSAO â€“ Customs Duty (Delivery Duty Paid) â€“ Receipts,Receipt Side,Positive,Part III
8782004700,878200121010100,RSAO- Customs Duty (Delivery Duty Paid) - Payments,Payment Side,Positive,Part III
8782004400,878200121010700,RSAO_ATM Cash_Debit,Payment Side,Positive,Part III
8782004500,878200121010700,RSAO_ATM Cash_Credit,Receipt Side,Positive,Part III
1201012700,120100901000000,Deduct Net Payments to other Postal Administration,Payment Side,Negative,Part I
1201017500,120100101250100,Speedpost Document - International_Cont.Cust,Receipt Side,Positive,Part I
8677000800,867700102010000,Reversal of Remittance to Bank _Cleared Cheque,Receipt Side,Negative,Part III
1201017600,120100101250100,International Speedpost Merchandise_Cont.Cust,Receipt Side,Positive,Part I
1201017700,120100101260100,International Air Parcel_Cont.Cust,Receipt Side,Positive,Part I
1201017800,120100101280100,International Tracked Packet Service_Cont.Cust,Receipt Side,Positive,Part I
1201017900,120100101270100,International Registered letter post_Cont.Cust,Receipt Side,Positive,Part I
1201018000,120100101020100,24-Speed Post_Cont.Cust,Receipt Side,Positive,Part I
1201018100,120100101020100,48 Speed Post_Cont.Cust,Receipt Side,Positive,Part I
1201018200,120100101290100,24 Speed Post Parcel_Cont.Cust,Receipt Side,Positive,Part I
1201018300,120100800130100,Logistics Post_Cont.Cust,Receipt Side,Positive,Part I
1201018400,120100200190000,Revenue of POPSK_Cont.Cust,Receipt Side,Positive,Part I
3201139728,320103101130228,Reversal of GST interchange fee for ATM,Receipt Side,Negative,Part I
1201018700,120100800423500,Refund against Articles cancellation,Payment Side,Negative,Part I
1201018500,120100800010100,KYC Verification_Cont.Cust,Receipt Side,Positive,Part I
1201005200,120100200120000,Commission on Revenue/Non Postal Stamps,Receipt Side,Positive,Part I
8782005400,878200121010700,RSAO_HR to CBS_Receipts,Receipt Side,Positive,Part III
8782005500,878200121010700,RSAO_HR to CBS_Payments,Payment Side,Positive,Part III
8782005700,878200121010700,RSAO_CoD_Gross_Amount_Debit,Payment Side,Positive,Part III
8782005900,878200121010700,RSAO_NAF_Cont.Customer_Apportionemt_Debit,Payment Side,Positive,Part III
8782005600,878200121010700,RSAO_CoD_Gross_Amount_Credit,Receipt Side,Positive,Part III
8782005800,878200121010700,RSAO_NAF_Cont.Customer_Apportionemt_Credit,Receipt Side,Positive,Part III
8782006000,878200121010100,RSAO_PLI Loan Receipts to CPC(PLI & RPLI),Receipt Side,Positive,Part III
8782006200,878200121010100,RSAO_RPLI Loan Receipts to CPC(PLI & RPLI),Receipt Side,Positive,Part III
8782006100,878200121010100,RSAO_PLI Loan Receipts by CPC(PLI & RPLI),Payment Side,Positive,Part III
8782006300,878200121010100,RSAO_RPLI Loan Receipts by CPC(PLI & RPLI),Payment Side,Positive,Part III
8671003000,867100102010000,PLI/RPLI Data_Payments_Mismatch,Payment Side,Positive,Part III
8671003200,867100102010000,IPPB Data_Receipts_Mismatch,Receipt Side,Positive,Part III
8671003400,867100102010000,IPPB Data_Payments_Mismatch,Payment Side,Positive,Part III
8671003600,867100102010000,Other Data_Receipts_Mismatch,Receipt Side,Positive,Part III
8671003800,867100102010000,Other Data_Payments_Mismatch,Payment Side,Positive,Part III
1201016500,120100101250100,Deduct Rebate/Discount- Foreign Speed Post Merchandise,Payment Side,Negative,Part I
1201016600,120100101280100,Deduct Rebate/Discount-International Tracked packet Service,Payment Side,Negative,Part I
1201015200,120100101220100,Deduct Rebate/Discount- India Post Parcel Contractual,Payment Side,Negative,Part I
8011001000,801100103030200,EDAGIS_Contributions_Insurance Fund Receipt,Receipt Side,Positive,Part III
8011001100,801100103050200,GDSGIS_Contributions_Insurance Fund Receipt,Receipt Side,Positive,Part III
8671005400,867100102010000,Cash received from State Treasury,Receipt Side,Positive,Part III
8671005500,867100102010000,Cash remitted to State Treasury,Payment Side,Positive,Part III
8671005600,867100102010000,Purchase of Revenue/Non Postal Stamps,Payment Side,Positive,Part III
8446015900,844600101200200,BO New Account Opening Wallet-Cleared,Payment Side,Positive,Part III
8016006000,801603101020000,PLI Conversion/Commutation Charges,Receipt Side,Positive,Part III
8782003600,878200121010100,CBS to PLI,Receipt Side,Positive,Part III
8789006200,878900131000000,"Payment of CDA, Army Meerut",Payment Side,Positive,Part III
8016009900,801606102010200,Payment of Legal / MIscellaneous Charges-PLI,Payment Side,Positive,Part III
9421001700,2100102140000,Reversal of IT TDS from Interest Payments under 194-A,Payment Side,Negative,Part I
8009000100,800901101010100,GPF Ordinary Subscriptions And Recoveries-Receipts,Receipt Side,Positive,Part III
1201015300,120100101020100,Day Definite Delivery Charges,Receipt Side,Positive,Part I
1201012800,120100800423500,Deduct Rebate/Discount,Payment Side,Negative,Part I
1201012900,120100101270100,Recall of Foreign Articles,Receipt Side,Positive,Part I
1201013000,120100800180100,Examination Fee Etc.,Receipt Side,Positive,Part I
8009000300,800902103000000,Defence Services Personnel Provident Fund-Receipts,Receipt Side,Positive,Part III
8009000400,800902103000000,Defence Services Personnel Provident Fund-Payments,Payment Side,Positive,Part III
8011000300,801100103020000,CGEGIS_Insurance Fund Payment,Payment Side,Positive,Part III
8011000400,801100103030100,EDAGIS_Savings Fund Payment,Payment Side,Positive,Part III
8011000500,801100103030200,EDAGIS_Insurance Fund Payment,Payment Side,Positive,Part III
8016006900,801604102010000,PO Investment Dn. Expenditure relating to PLI Sub Fund,Payment Side,Positive,Part III
8016007000,801604102020000,PO investment Dn. Expenditure relating to RPLI Sub Fund,Payment Side,Positive,Part III
8016007100,801604103010000,"Director of PLI, Kolkata Expenditure of PLI Sub Fund",Payment Side,Positive,Part III
8016007200,801604103020000,"Director of PLI, Kolkata Expenditure of RPLI Sub Fund",Payment Side,Positive,Part III
8016007300,801604104010000,PLI Division/Branches in Circles Expenditure of PLI Sub Fund,Payment Side,Positive,Part III
8016007400,801604104020000,PLI Division/Branch in Circles Expenditure of RPLI Sub Fund,Payment Side,Positive,Part III
8671000500,867100102010000,Stamp sent,Payment Side,Positive,Part III
8671000800,867100102010000,Stationery sent,Payment Side,Positive,Part III
3201060118,320103101010118,SBCO-Rent for Others,Payment Side,Positive,Part I
8014000100,801401102010100,PLI-WLA Premium receipts and recoveries- First Year Premium,Receipt Side,Positive,Part III
8014006400,801401102010100,PLI-WLA Premium receipts and recoveries-Renewal Premium,Receipt Side,Positive,Part III
8014000500,801401103010100,PLI-CWLA Premium Receipts and Recoveries-First Year Premium,Receipt Side,Positive,Part III
8016005900,801603101010000,Fee for issue of Duplicate Policy/pass books PLI,Receipt Side,Positive,Part III
8016006100,801603101030000,PLI Late Fee/Penalty/Revival Fees.,Receipt Side,Positive,Part III
8016006300,801603102010000,RPLI Fee for issue of Duplicate Policy/pass books,Receipt Side,Positive,Part III
8016006400,801603102020000,RPLI Conversion/Commutation Charges,Receipt Side,Positive,Part III
8016006500,801603102030000,RPLI Late Fee/Penalty/Revival Fees,Receipt Side,Positive,Part III
8016006600,801603102040000,RPLI Other Charges/Receipts.,Receipt Side,Positive,Part III
8016007500,801605101010000,Bonus to the PLI Whole Life Assurance Policies,Payment Side,Positive,Part III
8443000300,844300103040000,Security Deposit in DOP-Receipts,Receipt Side,Positive,Part III
8446015600,844600101200200,Advance Deposit-FO Wallet,Receipt Side,Positive,Part III
8016007600,801605101020000,Bonus to PLI Converible Whole Life Assurance Policy Holders.,Payment Side,Positive,Part III
8016007700,801605101030000,Bonus to PLI Endowment Assurance Policies,Payment Side,Positive,Part III
8016007800,801605101040000,Bonus to PLI Anticipated EA Policies,Payment Side,Positive,Part III
8016007900,801605101050000,Bonus to PLI Joint EA Policies,Payment Side,Positive,Part III
8016008000,801605101060000,Bonus to PLI Children Policies,Payment Side,Positive,Part III
8016008100,801605102010000,Bonus to RPLI WLA Policies,Payment Side,Positive,Part III
8016008200,801605102020000,Bonus to RPLI Convertible WLA Policies,Payment Side,Positive,Part III
8016008300,801605102030000,Bonus to RPLI EA Policies,Payment Side,Positive,Part III
3201098101,320107104010401,Payment of Severance amount for GDS,Payment Side,Positive,Part I
3201098204,320107104010404,Payment of severance amount to GDS-Pensionary Charges,Payment Side,Positive,Part I
3201014408,320101101030108,Postal Division-LTC,Payment Side,Positive,Part I
8446003000,844600101360000,Payment to Postal/RMS Co-Op Societies,Payment Side,Positive,Part III
8446003500,844600101360000,Deduction for Relief Funds,Receipt Side,Positive,Part III
8446008400,844600102380000,SGST TDS Courier Services-Payments,Payment Side,Positive,Part III
8661005000,866100109000000,Reserve Bank Suspense-Remittance to Bank-DFD,Receipt Side,Negative,Part III
8661005100,866100140010100,Credit Contra Suspense,Receipt Side,Positive,Part III
8787002100,878700111000000,Adjustments on Southern Railway Pmt,Receipt Side,Positive,Part III
3201104001,320108102040101,Departmental Printing Press-Salaries,Payment Side,Positive,Part I
3201118806,320103101010106,Recovery of SBCO-Medical Treatment in Current FY,Receipt Side,Negative,Part I
3201118906,320103101020106,Recovery of SB(ICO)-Medical Treatment in Current FY,Receipt Side,Negative,Part I
3201024628,320102003020128,Training Program-Group A & B officers-Professional Services,Payment Side,Positive,Part I
3201073264,320103101080164,PLI Branch Circle Office-Write off of losses,Payment Side,Positive,Part I
3201073311,320103101080211,Training of Marketing Circle Office Personal-DTE,Payment Side,Positive,Part I
3201073413,320103101080213,Training of Marketing Circle Office Personal-Office Expenses,Payment Side,Positive,Part I
3201073516,320103101080216,Training of Marketing Circle Office Personal-P & P,Payment Side,Positive,Part I
3201073618,320103101080218,Training of Marketing Circle Office Personal-Rent for Others,Payment Side,Positive,Part I
3201073719,320103101080219,Training of Marketing Circle Office -Digital Equipment,Payment Side,Positive,Part I
3201073828,320103101080228,Training of Marketing Circle Office Personal-PPSS,Payment Side,Positive,Part I
3201073901,320103101090101,Rural PLI-Salaries,Payment Side,Positive,Part I
3201074002,320103101090102,Rural PLI-Wages,Payment Side,Positive,Part I
3201074105,320103101090105,Rural PLI-Rewards,Payment Side,Positive,Part I
3201074206,320103101090106,Rural PLI-Medical Treatment,Payment Side,Positive,Part I
3201074307,320103101090107,Rural PLI-Allowances,Payment Side,Positive,Part I
3201074408,320103101090108,Rural PLI-LTC,Payment Side,Positive,Part I
3201141427,320102101011227,Upgradation of Branding of rented buildings -Estates_MCEW,Payment Side,Positive,Part I
3201141528,320105053080128,Upgradation of Branding of rented building -Estates_Prof.Ser,Payment Side,Positive,Part I
3201141613,320101001060213,Postal Logistics Infra Project_Office Expenses,Payment Side,Positive,Part I
3201141714,320101001060214,Postal Logistics Infra Project_Rents Rates and Taxes,Payment Side,Positive,Part I
5201014471,520100104640671,SECURITY_ICT EQUIPMENT,Payment Side,Positive,Part I
5201014571,520100104640771,FILED INFRA_ICT EQUIPMENT,Payment Side,Positive,Part I
5201014671,520100104640871,EFRM_ICT Equipment,Payment Side,Positive,Part I
5201014771,520100104640971,SDA_ICT Equipment,Payment Side,Positive,Part I
5201014871,520100104641071,Governance_ICT Equipment,Payment Side,Positive,Part I
5201014971,520100104650071,Computerization & Modernization of PA Wing-ICT,Payment Side,Positive,Part I
5201015074,520100104650174,Computer & Modern. of PA Wing Other than IT-F & F,Payment Side,Positive,Part I
5201015177,520100104650177,Computer & Modern. of PA Wing Other than IT- Other F A,Payment Side,Positive,Part I
3201000101,320101001010101,Postal Directorate-Salaries,Payment Side,Positive,Part I
3201000202,320101001010102,Postal Directorate-Wages,Payment Side,Positive,Part I
3201000305,320101001010105,Postal Directorate-Rewards,Payment Side,Positive,Part I
3201000406,320101001010106,Postal Directorate-Medical Treatment,Payment Side,Positive,Part I
3201000507,320101001010107,Postal Directorate-Allowances,Payment Side,Positive,Part I
3201000608,320101001010108,Postal Directorate-LTC,Payment Side,Positive,Part I
8016006200,801603101040000,PLI Other Charges/Receipts,Receipt Side,Positive,Part III
8016005300,801602107020200,Price Differntial(losses) _ Tradable Securities thr UTI-RPLI,Payment Side,Positive,Part III
8016005400,801602107020300,Price Differntial (losses) _ Debentures through UTI-RPLI,Payment Side,Positive,Part III
8016005500,801602107020400,Price Differntial (losses) _ Bonds through UTI-RPLI,Payment Side,Positive,Part III
8016005600,801602107020500,Price Differntial (losses) _ Other instruments thr UTI-RPLI,Payment Side,Positive,Part III
8016005700,801602108010000,Bonus Shares received on investment thr SBI FMC Ltd RPLI,Receipt Side,Positive,Part III
8016005800,801602108020000,Bonus Shares received on investments thru UTI FMC Ltd RPLI,Receipt Side,Positive,Part III
8016006700,801604101010000,PLI Directorate Expenditure relating to PLI Sub Fund,Payment Side,Positive,Part III
8016006800,801604101020000,PLI Directorate Expenditure relating to RPLI Sub Fund,Payment Side,Positive,Part III
8781000200,878100101030100,Money Order_ Payments,Payment Side,Positive,Part III
8016010400,801606103010100,Payment of remuneration to SBI FMC-PLI,Payment Side,Positive,Part III
8016010500,801606103010200,Payment of remuneration to UTI FMC-PLI,Payment Side,Positive,Part III
8016010600,801606103010300,Depositary Participants fee Brokerage Ancillary charges PLI,Payment Side,Positive,Part III
8016010700,801606103020100,Payment of remuneration to SBI FMC-RPLI,Payment Side,Positive,Part III
8016010800,801606103020200,Payment of remuneration to UTI FMC-RPLI,Payment Side,Positive,Part III
8016010900,801606103020300,Depositary Participants fee Brokerage Ancillary charges-RPLI,Payment Side,Positive,Part III
8016011000,801606104010000,Payment of remuneration for PLI work at Post offices..etc,Payment Side,Positive,Part III
8016011100,801606104020000,Payment of remuneration for RPLI work at Post offices..etc,Payment Side,Positive,Part III
8016011200,801606105010000,Payment of Charges to Custodian Banks for PLI Fund,Payment Side,Positive,Part III
8016011300,801606105020000,Payment of Charges to Custodian Banks for RPLI Fund,Payment Side,Positive,Part III
8446006200,844600102370000,RCM - UTGST Banking & Finance Services-Payments,Payment Side,Positive,Part III
8446006400,844600102370000,RCM -CGST PLI Services-Payments,Payment Side,Positive,Part III
8446006600,844600102370000,RCM -SGST PLI Services-Payments,Payment Side,Positive,Part III
8446006800,844600102370000,RCM - UTGST PLI Services-Payments,Payment Side,Positive,Part III
8446007000,844600102370000,RCM -CGST RPLI Services-Payments,Payment Side,Positive,Part III
8446007200,844600102370000,RCM -SGST RPLI Services-Payments,Payment Side,Positive,Part III
3201084407,320104102010107,Directorate (PA Wing)-Allowances,Payment Side,Positive,Part I
8661006800,866100140360000,NEFT inward return pool account-DFC,Payment Side,Negative,Part III
8661006900,866100140360000,RTGS outward payable pool account,Receipt Side,Positive,Part III
8661007000,866100140360000,RTGS outward payable pool account-DFC,Payment Side,Negative,Part III
8661007100,866100140360000,RTGS inward receivable pool account,Payment Side,Negative,Part III
8661007300,866100140360000,RTGS inward return pool account,Receipt Side,Positive,Part III
8661007600,866100140360000,Operational risk loss account-DFD,Receipt Side,Positive,Part III
8661007700,866100140360000,NEFT/RTGS Parking Account,Payment Side,Negative,Part III
8661007800,866100140360000,NEFT/RTGS Parking Account-DFD,Receipt Side,Positive,Part III
8661007900,866100140380000,Pool Account for CSC,Payment Side,Positive,Part III
8446002300,844600101360000,Deduction for Union/Association,Receipt Side,Positive,Part III
8661008000,866100140380000,Pool Account for CSC-DFD,Receipt Side,Negative,Part III
8671000200,867100102010000,Cash sent,Payment Side,Positive,Part III
8671000300,867100102010000,Cash received,Receipt Side,Positive,Part III
1201015700,120100101020100,24 Speed Post_DDD,Receipt Side,Positive,Part I
8671001100,867100102030000,Short ATM Cash,Payment Side,Positive,Part III
8671001200,867100102030000,Excess ATM Cash,Receipt Side,Positive,Part III
8671000900,867100102010000,stationery received,Receipt Side,Positive,Part III
8671001400,867100102010000,Cheque sent,Payment Side,Positive,Part III
8671001500,867100102010000,Cheque received,Receipt Side,Positive,Part III
8674000100,867400101050000,Security Amount Deposited with Courts,Payment Side,Positive,Part III
8674000200,867400101050000,Security Amount Deposited with Courts-Cleared,Receipt Side,Positive,Part III
8675000100,867500102000000,Deposits with Reserve Bank (Post)- Receipts,Receipt Side,Positive,Part III
8675000200,867500102000000,Deposits with Reserve Bank (Post)- Payments,Payment Side,Positive,Part III
8789001900,878900110000000,Adjustments Def CDA (ORS) Madrs,Receipt Side,Positive,Part III
9421000300,2100102110000,IT TDS from Contractors under 194-C,Receipt Side,Positive,Part I
9421000600,2100102180000,IT TDS from interest on security under 193,Receipt Side,Positive,Part I
9421000700,2100102210000,IT TDS from under section 192,Receipt Side,Positive,Part I
9421000800,2100102260000,IT TDS on Cash withdrawals under 194-N,Receipt Side,Positive,Part I
9421000900,2100102280000,IT TDS on Cash rent under 194-I,Receipt Side,Positive,Part I
9421001000,2100102370000,IT TDS from scrap under Section 206-C,Receipt Side,Positive,Part I
9421001100,2100102410000,IT TDS on withdrawal of NSS under Section-194 EE,Receipt Side,Positive,Part I
9421001200,2100103040000,IT TDS Surcharge,Receipt Side,Positive,Part I
9421001300,2100506000000,IT TDS Health and Education Cess,Receipt Side,Positive,Part I
9421001400,2100102070000,IT TDS under Section 195,Receipt Side,Positive,Part I
2016002032,201600102010432,P & T Audit Office-Contributions,Payment Side,Positive,Part I
2016002149,201600102010449,P & T Audit Office-Other Revenue Expenditure,Payment Side,Positive,Part I
2016002270,201600102010470,P & T Audit Office-Deduct Recoveries,Receipt Side,Negative,Part I
8446023300,844600102330000,Remittance SGST-Collection on Courier Services_Cont.Cust,Payment Side,Positive,Part III
8446023400,844600102330000,Remittance UTGST-Collection on Courier Services_Cont.Cust,Payment Side,Positive,Part III
8446023500,844600102330000,Remittance IGST-Collection on Courier Services_Cont.Cust,Payment Side,Positive,Part III
8446023600,844600102360000,Remittance CGST-Business Auxiliary Services_Cont.Cust,Payment Side,Positive,Part III
8446016300,844600102370000,RCM_Budget Expenditures-Payments,Payment Side,Positive,Part III
3201090627,320105053020127,Mail Motor Vehicles & Launches-Minor C & E Works,Payment Side,Positive,Part I
8553002300,855301101150000,Payment of Special Advances,Payment Side,Positive,Part III
3201106424,320160102020024,Interest on EDAGIS-Fuels and Lubricants,Payment Side,Positive,Part I
5201005652,520100104189952,M&E-IT Comp/Modernisation of BD & Marketing.,Payment Side,Positive,Part I
5201013474,520100104610174,Cash chest at ruralBO other than IT-Furniture & Fixtures,Payment Side,Positive,Part I
5201013552,520100104620052,Project Management Unit_Machinery And Equipment,Payment Side,Positive,Part I
5201013671,520100104620071,PMU_ICT Equipment,Payment Side,Positive,Part I
5201013772,520100104620072,Project Management Unit_Buildings And Structures,Payment Side,Positive,Part I
5201013874,520100104620074,Project Management Unit_Furniture & Fixtures,Payment Side,Positive,Part I
5201013971,520100104640171,Postal & Logistics_ICT Equipment,Payment Side,Positive,Part I
5201014071,520100104640271,Common Systems_ICT Equipment,Payment Side,Positive,Part I
5201014171,520100104640371,IT INFRA_ICT EQUIPMENT,Payment Side,Positive,Part I
3201136304,320107110010004,Govt. Contribution for defined contributory Pension_SDBS,Payment Side,Positive,Part I
3201099104,320107110010004,Govt. Contribution for defined contributory Pension_NPS,Payment Side,Positive,Part I
8446004600,844600101540100,Postal Deposit EMD Tenders - Vendor-Manual-Payments,Payment Side,Positive,Part III
3201027102,320102101010102,Existing Post Offices-Wages,Payment Side,Positive,Part I
3201136713,320103101030113,Reversal of Small Savings Work-Office Expenses,Receipt Side,Negative,Part I
3201136828,320103101030128,Reversal of Small Savings Work-Professional Services,Receipt Side,Negative,Part I
5201016152,520100003020152,Training_Building_Machinery & Equipment,Payment Side,Positive,Part I
5201016352,520100104650152,Modernization of PA Wing_Machinery & Equipment,Payment Side,Positive,Part I
5201016471,520100104610171,Cash Chest at Rural Branch Office_ICT,Payment Side,Positive,Part I
5201016577,520100003020077,Training_Land_Buildings_Other Fixed Assets,Payment Side,Positive,Part I
5201016677,520100104610177,Cash Chest at Rural BOs_Other Fixed Assets,Payment Side,Positive,Part I
5201019471,520100104710071,Postal Logistics Infra Project_ICT,Payment Side,Positive,Part I
5201019352,520100104710052,Postal Logistics Infra Project_Machinery & Equipment,Payment Side,Positive,Part I
8014008100,801402106020300,RPLI-GP Payment of Survival Benefit,Payment Side,Positive,Part III
8014008200,801401105020300,PLI-AEA Payment of Survival Benefit,Payment Side,Positive,Part III
8014008000,801402105020300,RPLI-AEA Payment of Survival Benefit,Payment Side,Positive,Part III
8001003300,0,POSB Fixed Deposits-Receipts,Receipt Side,0,0
8001003400,0,POSB Fixed Deposits-Payments,Payment Side,0,0
